Case_ID,Transaction_ID,From_Account,To_Account,Amount,Date,Time,IP,Phone,Email
C004,T6181,ACC1053,ACC1116,58538,2023-03-11,05:00,192.168.1.18,9305183167,user5@example.com
C008,T4014,ACC1045,ACC1127,60043,2023-05-01,08:03,192.168.1.16,9236130777,user41@example.com
C003,T5150,ACC1011,ACC1199,89870,2023-02-18,10:34,192.168.1.2,9892667786,user23@example.com
C011,T4755,ACC1006,ACC1153,48009,2023-02-09,18:23,192.168.1.4,9853935784,user2@example.com
C012,T6754,ACC1006,ACC1136,53310,2023-06-22,05:43,192.168.1.17,9944447343,user42@example.com
C012,T2425,ACC1072,ACC1117,96661,2023-02-07,06:42,192.168.1.36,9525607115,user28@example.com
C013,T5052,ACC1066,ACC1143,7031,2023-02-18,08:04,192.168.1.45,9930046534,user8@example.com
C006,T5221,ACC1074,ACC1166,27124,2023-04-11,07:44,192.168.1.3,9702392079,user39@example.com
C005,T9988,ACC1080,ACC1131,14678,2023-06-15,10:11,192.168.1.21,9436487371,user46@example.com
C018,T9596,ACC1013,ACC1191,39152,2023-04-23,19:38,192.168.1.39,9388332223,user43@example.com
C012,T7036,ACC1009,ACC1189,89292,2023-04-04,16:10,192.168.1.27,9941577909,user35@example.com
C007,T7389,ACC1019,ACC1178,78594,2023-05-07,08:31,192.168.1.26,9655774188,user29@example.com
C002,T5960,ACC1065,ACC1199,94014,2023-06-05,10:17,192.168.1.17,9273605818,user26@example.com
C002,T5190,ACC1086,ACC1133,87879,2023-04-27,15:22,192.168.1.45,9980474184,user37@example.com
C005,T4289,ACC1053,ACC1136,83353,2023-05-04,08:38,192.168.1.49,9518503925,user10@example.com
C010,T9010,ACC1013,ACC1189,61669,2023-06-23,17:54,192.168.1.5,9901725002,user4@example.com
C005,T8093,ACC1074,ACC1123,69861,2023-01-10,16:33,192.168.1.22,9198887104,user40@example.com
C005,T9015,ACC1026,ACC1117,80156,2023-04-20,21:38,192.168.1.43,9979660495,user41@example.com
C014,T9138,ACC1040,ACC1147,11048,2023-03-12,01:30,192.168.1.44,9247005468,user3@example.com
C003,T7996,ACC1000,ACC1190,49468,2023-06-12,08:22,192.168.1.29,9487718328,user35@example.com
C009,T6420,ACC1053,ACC1134,3494,2023-04-28,07:25,192.168.1.4,9876074315,user49@example.com
C014,T8549,ACC1089,ACC1116,14035,2023-02-17,15:20,192.168.1.29,9707037533,user13@example.com
C001,T7628,ACC1057,ACC1105,13849,2023-06-27,01:06,192.168.1.20,9737985529,user8@example.com
C007,T5386,ACC1064,ACC1163,65447,2023-06-09,12:24,192.168.1.14,9329801486,user32@example.com
C012,T5441,ACC1061,ACC1178,29935,2023-05-19,18:58,192.168.1.13,9492458712,user26@example.com
C016,T9692,ACC1094,ACC1163,99800,2023-01-10,11:12,192.168.1.43,9839162914,user29@example.com
C008,T4206,ACC1015,ACC1131,12914,2023-04-22,08:48,192.168.1.47,9347121957,user22@example.com
C007,T8298,ACC1007,ACC1108,16112,2023-01-24,21:40,192.168.1.13,9600420550,user26@example.com
C005,T4405,ACC1095,ACC1130,90516,2023-05-10,23:23,192.168.1.42,9886417074,user7@example.com
C003,T6015,ACC1018,ACC1172,79580,2023-02-02,00:53,192.168.1.29,9732545886,user37@example.com
C015,T4220,ACC1039,ACC1152,60124,2023-05-19,12:44,192.168.1.23,9468070399,user36@example.com
C018,T6727,ACC1042,ACC1138,43988,2023-02-09,02:43,192.168.1.42,9522470657,user10@example.com
C003,T5979,ACC1077,ACC1104,41285,2023-03-24,18:42,192.168.1.20,9310091563,user26@example.com
C004,T6785,ACC1009,ACC1193,77616,2023-05-26,17:23,192.168.1.9,9679482804,user15@example.com
C011,T6429,ACC1018,ACC1120,56226,2023-01-20,03:05,192.168.1.4,9202579660,user28@example.com
C020,T8252,ACC1060,ACC1192,22926,2023-06-11,19:26,192.168.1.19,9391135033,user47@example.com
C011,T9210,ACC1098,ACC1170,86781,2023-05-15,18:32,192.168.1.14,9698845098,user22@example.com
C009,T4137,ACC1031,ACC1160,77807,2023-05-10,08:03,192.168.1.1,9988543730,user13@example.com
C015,T8456,ACC1025,ACC1148,97517,2023-06-02,23:01,192.168.1.25,9346711693,user1@example.com
C013,T8001,ACC1082,ACC1145,72896,2023-02-17,13:28,192.168.1.32,9339587200,user44@example.com
C014,T6507,ACC1066,ACC1108,51241,2023-05-27,07:08,192.168.1.45,9580659541,user25@example.com
C015,T6762,ACC1020,ACC1159,6622,2023-04-08,06:59,192.168.1.7,9242124838,user22@example.com
C015,T4188,ACC1032,ACC1188,20202,2023-05-31,01:51,192.168.1.38,9893839258,user7@example.com
C001,T6802,ACC1022,ACC1185,9368,2023-06-22,13:25,192.168.1.24,9564324781,user41@example.com
C003,T8844,ACC1084,ACC1165,71198,2023-02-08,19:03,192.168.1.10,9108781160,user32@example.com
C008,T6320,ACC1055,ACC1148,9136,2023-01-05,03:00,192.168.1.1,9595496469,user18@example.com
C017,T3855,ACC1093,ACC1151,15959,2023-05-06,15:21,192.168.1.18,9820762530,user18@example.com
C002,T8950,ACC1045,ACC1127,32099,2023-01-16,05:56,192.168.1.16,9691706060,user10@example.com
C015,T7376,ACC1045,ACC1158,89024,2023-06-08,15:37,192.168.1.46,9973580876,user3@example.com
C011,T5001,ACC1030,ACC1114,73364,2023-03-09,10:54,192.168.1.32,9523527620,user1@example.com
C009,T7656,ACC1073,ACC1137,61163,2023-05-12,09:55,192.168.1.13,9182163912,user14@example.com
C010,T1301,ACC1022,ACC1187,9560,2023-05-13,06:01,192.168.1.16,9584888699,user21@example.com
C014,T1402,ACC1091,ACC1148,71257,2023-03-13,02:00,192.168.1.22,9314618341,user9@example.com
C002,T6482,ACC1008,ACC1113,6954,2023-01-09,11:27,192.168.1.32,9997450167,user33@example.com
C017,T2220,ACC1093,ACC1189,58270,2023-03-24,06:49,192.168.1.21,9542241576,user12@example.com
C006,T6706,ACC1086,ACC1136,53134,2023-01-31,04:26,192.168.1.18,9578506024,user23@example.com
C001,T5522,ACC1076,ACC1173,97319,2023-03-30,22:12,192.168.1.39,9729408070,user25@example.com
C014,T5985,ACC1000,ACC1171,10039,2023-05-08,20:32,192.168.1.48,9491805657,user43@example.com
C002,T5084,ACC1071,ACC1107,34506,2023-06-05,00:43,192.168.1.28,9835569850,user2@example.com
C009,T1001,ACC1037,ACC1194,33705,2023-02-06,21:54,192.168.1.46,9164295388,user34@example.com
C007,T7503,ACC1036,ACC1128,96531,2023-02-18,06:06,192.168.1.6,9120354596,user27@example.com
C003,T9248,ACC1096,ACC1106,39794,2023-04-12,10:38,192.168.1.22,9301773752,user37@example.com
C014,T7458,ACC1015,ACC1161,85993,2023-02-09,01:08,192.168.1.24,9404140379,user28@example.com
C001,T8761,ACC1031,ACC1109,2634,2023-06-27,01:29,192.168.1.48,9446333232,user6@example.com
C004,T1954,ACC1067,ACC1177,8007,2023-02-05,05:56,192.168.1.5,9414493186,user18@example.com
C009,T6316,ACC1082,ACC1117,39670,2023-03-31,09:13,192.168.1.20,9427254922,user2@example.com
C013,T3269,ACC1054,ACC1173,8141,2023-05-27,02:14,192.168.1.40,9871072801,user12@example.com
C004,T8372,ACC1007,ACC1147,40962,2023-02-23,06:45,192.168.1.15,9103014751,user12@example.com
C002,T2072,ACC1047,ACC1138,4504,2023-02-21,05:59,192.168.1.2,9246484828,user21@example.com
C008,T1688,ACC1062,ACC1176,1701,2023-01-20,03:44,192.168.1.17,9233705470,user3@example.com
C001,T9257,ACC1025,ACC1183,23665,2023-02-13,10:28,192.168.1.50,9113782633,user8@example.com
C015,T7827,ACC1093,ACC1186,46788,2023-02-23,12:48,192.168.1.18,9832197776,user14@example.com
C003,T9588,ACC1025,ACC1194,17557,2023-06-08,01:27,192.168.1.34,9835599037,user17@example.com
C009,T3803,ACC1046,ACC1143,34174,2023-02-15,14:02,192.168.1.47,9707656677,user2@example.com
C001,T7462,ACC1047,ACC1141,49418,2023-04-23,04:01,192.168.1.29,9815726834,user25@example.com
C020,T6683,ACC1050,ACC1154,62627,2023-06-16,11:06,192.168.1.32,9760263339,user21@example.com
C006,T3931,ACC1065,ACC1125,23529,2023-03-25,19:31,192.168.1.5,9902518169,user45@example.com
C020,T3745,ACC1030,ACC1184,99408,2023-06-17,22:31,192.168.1.2,9919490958,user2@example.com
C014,T3874,ACC1032,ACC1123,76699,2023-05-13,05:10,192.168.1.22,9779025508,user2@example.com
C014,T5313,ACC1052,ACC1166,95806,2023-05-03,18:04,192.168.1.26,9725545748,user41@example.com
C019,T4066,ACC1068,ACC1109,13389,2023-03-04,07:44,192.168.1.48,9477727253,user3@example.com
C004,T5685,ACC1040,ACC1110,93812,2023-05-18,08:26,192.168.1.24,9830818560,user46@example.com
C005,T1378,ACC1053,ACC1104,52003,2023-06-06,14:23,192.168.1.24,9178491868,user44@example.com
C014,T2298,ACC1002,ACC1122,19877,2023-02-22,01:41,192.168.1.9,9334706767,user7@example.com
C003,T4386,ACC1086,ACC1190,43354,2023-04-01,18:50,192.168.1.20,9251394710,user20@example.com
C008,T2144,ACC1038,ACC1160,11711,2023-02-12,05:43,192.168.1.39,9804729670,user39@example.com
C003,T3163,ACC1082,ACC1150,35367,2023-06-09,13:56,192.168.1.2,9650599046,user36@example.com
C005,T1033,ACC1006,ACC1166,2447,2023-04-18,19:11,192.168.1.1,9101085748,user39@example.com
C002,T6819,ACC1081,ACC1130,72376,2023-06-30,12:32,192.168.1.24,9736581628,user46@example.com
C003,T4246,ACC1025,ACC1154,88050,2023-05-17,05:08,192.168.1.30,9970988776,user32@example.com
C002,T5953,ACC1086,ACC1128,90091,2023-03-10,07:13,192.168.1.32,9306806179,user45@example.com
C010,T4572,ACC1033,ACC1116,4226,2023-03-16,15:24,192.168.1.39,9872434056,user27@example.com
C006,T6777,ACC1036,ACC1175,55383,2023-02-17,09:22,192.168.1.18,9473742047,user34@example.com
C009,T2471,ACC1086,ACC1177,27806,2023-03-13,17:42,192.168.1.28,9992208227,user11@example.com
C002,T8021,ACC1051,ACC1113,70899,2023-04-19,13:53,192.168.1.39,9456812322,user18@example.com
C020,T9552,ACC1086,ACC1197,95770,2023-03-31,00:43,192.168.1.50,9422575093,user42@example.com
C018,T1897,ACC1035,ACC1194,48645,2023-03-21,03:16,192.168.1.17,9758711721,user3@example.com
C012,T8500,ACC1010,ACC1152,23343,2023-03-13,15:30,192.168.1.43,9704347839,user49@example.com
C018,T6932,ACC1073,ACC1104,91859,2023-04-05,15:30,192.168.1.2,9953085087,user18@example.com
C005,T3560,ACC1003,ACC1161,9420,2023-05-25,11:13,192.168.1.47,9282501310,user12@example.com
C017,T6853,ACC1024,ACC1112,49046,2023-05-02,03:39,192.168.1.23,9205345030,user34@example.com
C011,T1547,ACC1033,ACC1115,29136,2023-03-08,07:21,192.168.1.17,9500005851,user19@example.com
C008,T3035,ACC1025,ACC1124,53172,2023-06-09,12:51,192.168.1.5,9782027175,user37@example.com
C013,T4779,ACC1077,ACC1129,74086,2023-02-26,17:01,192.168.1.47,9317488657,user4@example.com
C004,T1171,ACC1043,ACC1166,34247,2023-02-15,21:05,192.168.1.12,9165580621,user42@example.com
C005,T6717,ACC1043,ACC1169,75174,2023-05-11,18:01,192.168.1.27,9812122582,user47@example.com
C001,T9893,ACC1081,ACC1100,93117,2023-04-16,03:49,192.168.1.50,9526726394,user23@example.com
C018,T1218,ACC1069,ACC1145,21816,2023-05-13,05:48,192.168.1.42,9528562909,user8@example.com
C002,T9016,ACC1028,ACC1167,23047,2023-05-15,13:29,192.168.1.34,9594448193,user1@example.com
C018,T3643,ACC1040,ACC1193,17446,2023-02-27,02:43,192.168.1.44,9197082195,user9@example.com
C014,T1054,ACC1088,ACC1176,13333,2023-05-24,17:49,192.168.1.41,9814660179,user5@example.com
C013,T5615,ACC1090,ACC1122,5482,2023-05-01,15:28,192.168.1.42,9622727646,user44@example.com
C015,T6881,ACC1043,ACC1132,42492,2023-05-21,07:09,192.168.1.30,9269995565,user4@example.com
C005,T8922,ACC1048,ACC1193,3575,2023-01-23,06:56,192.168.1.31,9986685575,user25@example.com
C018,T1622,ACC1096,ACC1151,39544,2023-04-11,23:53,192.168.1.15,9886862459,user46@example.com
C008,T2806,ACC1003,ACC1176,21082,2023-02-01,02:56,192.168.1.43,9295969107,user2@example.com
C014,T1607,ACC1066,ACC1185,76728,2023-05-23,07:22,192.168.1.31,9478451093,user39@example.com
C019,T1638,ACC1068,ACC1106,78492,2023-06-02,00:41,192.168.1.18,9245997979,user2@example.com
C003,T7871,ACC1056,ACC1142,96884,2023-04-26,13:16,192.168.1.10,9732418538,user20@example.com
C018,T2013,ACC1073,ACC1170,90575,2023-05-05,04:58,192.168.1.30,9819162687,user17@example.com
C008,T3363,ACC1087,ACC1191,15334,2023-02-13,17:36,192.168.1.32,9839564938,user3@example.com
C005,T8187,ACC1074,ACC1164,22152,2023-02-18,11:05,192.168.1.1,9550706552,user49@example.com
C019,T7815,ACC1048,ACC1179,6732,2023-06-04,05:02,192.168.1.4,9619220698,user25@example.com
C020,T3253,ACC1094,ACC1126,21742,2023-04-20,22:32,192.168.1.49,9964167720,user46@example.com
C018,T3028,ACC1072,ACC1162,86349,2023-04-08,06:20,192.168.1.46,9130488297,user14@example.com
C004,T5304,ACC1085,ACC1193,41517,2023-03-02,19:05,192.168.1.4,9615366982,user6@example.com
C008,T4492,ACC1072,ACC1113,68614,2023-06-10,19:20,192.168.1.17,9636723798,user19@example.com
C010,T3056,ACC1004,ACC1195,83352,2023-03-19,10:38,192.168.1.3,9616228772,user23@example.com
C005,T9095,ACC1008,ACC1106,49540,2023-04-08,12:19,192.168.1.9,9455127044,user1@example.com
C019,T1947,ACC1059,ACC1162,83991,2023-04-22,05:36,192.168.1.34,9864974053,user26@example.com
C001,T1310,ACC1069,ACC1196,28705,2023-06-29,23:02,192.168.1.4,9488355732,user9@example.com
C015,T1177,ACC1022,ACC1122,65511,2023-04-07,12:20,192.168.1.23,9680201784,user43@example.com
C013,T3104,ACC1099,ACC1117,45197,2023-02-11,20:43,192.168.1.9,9680991369,user31@example.com
C016,T2313,ACC1012,ACC1160,99130,2023-01-11,11:14,192.168.1.26,9567527077,user42@example.com
C014,T4782,ACC1080,ACC1143,93052,2023-03-15,13:35,192.168.1.8,9383607224,user36@example.com
C011,T7887,ACC1003,ACC1186,23400,2023-04-27,02:14,192.168.1.13,9150682390,user43@example.com
C009,T9930,ACC1062,ACC1126,84906,2023-06-16,23:12,192.168.1.46,9294301703,user15@example.com
C016,T4611,ACC1008,ACC1128,56695,2023-05-18,22:54,192.168.1.2,9142043609,user15@example.com
C007,T1914,ACC1025,ACC1121,41795,2023-02-02,03:35,192.168.1.26,9861797690,user45@example.com
C020,T4820,ACC1023,ACC1125,41502,2023-03-23,23:42,192.168.1.26,9607510015,user40@example.com
C005,T3449,ACC1045,ACC1142,71997,2023-04-18,17:57,192.168.1.1,9838857802,user31@example.com
C009,T6254,ACC1090,ACC1170,98643,2023-04-27,09:30,192.168.1.43,9402703381,user47@example.com
C001,T3572,ACC1067,ACC1110,74421,2023-01-27,12:57,192.168.1.17,9758962967,user15@example.com
C015,T7885,ACC1075,ACC1114,61746,2023-05-23,01:13,192.168.1.14,9861112994,user13@example.com
C015,T1746,ACC1073,ACC1129,37161,2023-04-23,23:57,192.168.1.1,9594100834,user37@example.com
C017,T7798,ACC1055,ACC1161,64800,2023-01-02,03:11,192.168.1.34,9127213861,user1@example.com
C004,T9328,ACC1024,ACC1155,49955,2023-05-06,07:55,192.168.1.32,9497413609,user22@example.com
C015,T3039,ACC1085,ACC1161,74801,2023-06-23,12:55,192.168.1.16,9395261361,user15@example.com
C018,T8772,ACC1018,ACC1196,5496,2023-05-12,21:17,192.168.1.28,9431538007,user36@example.com
C017,T3079,ACC1093,ACC1108,83958,2023-04-05,02:10,192.168.1.15,9978783246,user47@example.com
C010,T2702,ACC1042,ACC1158,12575,2023-03-17,02:47,192.168.1.2,9522612389,user25@example.com
C001,T3763,ACC1069,ACC1131,56858,2023-04-14,13:49,192.168.1.14,9370979144,user11@example.com
C014,T1477,ACC1043,ACC1159,19976,2023-05-11,18:33,192.168.1.48,9680255953,user28@example.com
C002,T2672,ACC1028,ACC1148,5249,2023-01-19,01:48,192.168.1.26,9138842119,user40@example.com
C020,T7196,ACC1037,ACC1147,54956,2023-04-17,12:13,192.168.1.30,9979476417,user6@example.com
C008,T4071,ACC1072,ACC1152,19017,2023-01-21,12:58,192.168.1.26,9466000171,user46@example.com
C019,T2621,ACC1080,ACC1141,81126,2023-05-18,16:10,192.168.1.28,9919258538,user33@example.com
C020,T3049,ACC1052,ACC1107,21441,2023-04-08,00:07,192.168.1.23,9823995717,user21@example.com
C003,T7809,ACC1078,ACC1146,13170,2023-03-16,02:25,192.168.1.35,9550811722,user35@example.com
C016,T5311,ACC1074,ACC1160,62774,2023-01-16,15:02,192.168.1.20,9688254112,user9@example.com
C005,T7164,ACC1007,ACC1142,13541,2023-04-07,16:00,192.168.1.9,9149117244,user20@example.com
C005,T1068,ACC1030,ACC1136,86669,2023-03-23,07:40,192.168.1.42,9125410814,user34@example.com
C020,T2983,ACC1009,ACC1187,23876,2023-02-18,05:14,192.168.1.1,9735830401,user48@example.com
C015,T4721,ACC1073,ACC1114,73363,2023-04-02,04:01,192.168.1.13,9240062090,user42@example.com
C002,T5583,ACC1074,ACC1195,58924,2023-06-24,18:45,192.168.1.6,9206035156,user3@example.com
C014,T1301,ACC1030,ACC1118,61894,2023-04-14,06:41,192.168.1.28,9552847711,user35@example.com
C020,T4336,ACC1040,ACC1102,61159,2023-05-27,14:28,192.168.1.4,9941566228,user34@example.com
C012,T9473,ACC1045,ACC1142,28881,2023-04-24,22:47,192.168.1.21,9975307418,user17@example.com
C019,T4975,ACC1001,ACC1163,50824,2023-06-01,23:07,192.168.1.22,9312728596,user38@example.com
C001,T8227,ACC1032,ACC1199,19124,2023-02-25,18:48,192.168.1.10,9631207704,user29@example.com
C008,T2537,ACC1056,ACC1140,93993,2023-05-26,04:31,192.168.1.45,9357138369,user50@example.com
C015,T2284,ACC1058,ACC1112,36655,2023-04-17,01:26,192.168.1.4,9168986302,user34@example.com
C018,T2234,ACC1000,ACC1166,78988,2023-01-06,07:10,192.168.1.49,9650015965,user22@example.com
C010,T7308,ACC1052,ACC1197,28138,2023-01-31,16:29,192.168.1.23,9615855480,user39@example.com
C014,T4160,ACC1018,ACC1125,42023,2023-01-18,22:07,192.168.1.50,9787092768,user24@example.com
C006,T4823,ACC1008,ACC1179,70362,2023-02-13,19:45,192.168.1.31,9700322761,user40@example.com
C015,T6111,ACC1051,ACC1186,10789,2023-03-23,00:05,192.168.1.42,9710760799,user33@example.com
C007,T6929,ACC1028,ACC1118,72503,2023-03-11,10:15,192.168.1.22,9464258368,user34@example.com
C017,T4128,ACC1065,ACC1157,68982,2023-06-06,07:59,192.168.1.22,9500333044,user41@example.com
C003,T5030,ACC1070,ACC1157,88014,2023-02-04,23:45,192.168.1.17,9323409614,user6@example.com
C017,T2088,ACC1063,ACC1184,56230,2023-03-06,11:05,192.168.1.36,9256141222,user30@example.com
C005,T7612,ACC1035,ACC1132,43900,2023-05-06,12:17,192.168.1.49,9344422390,user16@example.com
C010,T5347,ACC1015,ACC1188,68882,2023-06-10,23:31,192.168.1.23,9477316160,user28@example.com
C019,T3853,ACC1008,ACC1159,18513,2023-04-02,10:01,192.168.1.12,9593958564,user3@example.com
C005,T8222,ACC1059,ACC1173,74894,2023-06-17,15:13,192.168.1.38,9537238820,user46@example.com
C017,T2850,ACC1020,ACC1114,5634,2023-01-05,22:41,192.168.1.46,9263400101,user38@example.com
C011,T3149,ACC1086,ACC1159,94298,2023-04-27,23:34,192.168.1.41,9158556583,user13@example.com
C018,T9919,ACC1087,ACC1116,87541,2023-05-09,00:54,192.168.1.48,9119152043,user16@example.com
C015,T8040,ACC1067,ACC1116,43621,2023-03-24,07:40,192.168.1.46,9368488851,user31@example.com
C005,T2940,ACC1071,ACC1104,89971,2023-04-28,15:37,192.168.1.48,9710229508,user24@example.com
C008,T5526,ACC1028,ACC1197,78890,2023-06-14,04:18,192.168.1.9,9519127495,user3@example.com
C013,T3712,ACC1023,ACC1175,8057,2023-05-16,17:16,192.168.1.25,9477826542,user8@example.com
C003,T1385,ACC1071,ACC1175,55845,2023-02-23,02:34,192.168.1.43,9533913149,user20@example.com
C012,T3581,ACC1039,ACC1150,62341,2023-06-24,17:16,192.168.1.17,9721713249,user5@example.com
C015,T7162,ACC1032,ACC1191,69273,2023-06-04,10:02,192.168.1.9,9853979715,user49@example.com
C012,T2030,ACC1008,ACC1187,93591,2023-02-21,05:38,192.168.1.28,9509514524,user37@example.com
C012,T3252,ACC1048,ACC1152,36151,2023-06-09,21:06,192.168.1.5,9336381190,user27@example.com
C003,T5178,ACC1050,ACC1152,77047,2023-05-29,05:56,192.168.1.33,9598457305,user20@example.com
C017,T5394,ACC1062,ACC1178,92244,2023-03-10,15:25,192.168.1.32,9808143305,user50@example.com
C017,T6390,ACC1046,ACC1150,10792,2023-03-27,04:09,192.168.1.26,9683328481,user50@example.com
C016,T1586,ACC1084,ACC1167,56877,2023-05-06,16:29,192.168.1.21,9959650556,user14@example.com
C015,T5858,ACC1093,ACC1186,1861,2023-05-22,16:22,192.168.1.47,9193887085,user42@example.com
C007,T5925,ACC1073,ACC1168,16362,2023-05-29,19:04,192.168.1.8,9803851550,user27@example.com
C005,T8889,ACC1026,ACC1129,34976,2023-06-11,18:52,192.168.1.50,9543422850,user2@example.com
C018,T6569,ACC1005,ACC1187,49075,2023-01-11,14:10,192.168.1.15,9579490947,user3@example.com
C014,T1817,ACC1033,ACC1137,53636,2023-02-08,00:38,192.168.1.3,9673255104,user27@example.com
C011,T9974,ACC1075,ACC1135,93360,2023-01-11,01:01,192.168.1.22,9557574644,user27@example.com
C019,T9642,ACC1074,ACC1165,61214,2023-06-23,18:44,192.168.1.42,9723476588,user13@example.com
C019,T7285,ACC1040,ACC1182,96375,2023-01-15,16:06,192.168.1.1,9272966130,user38@example.com
C019,T9351,ACC1057,ACC1150,60312,2023-01-18,13:01,192.168.1.49,9537131519,user36@example.com
C011,T5758,ACC1093,ACC1137,71471,2023-06-27,12:25,192.168.1.47,9173736041,user2@example.com
C012,T4188,ACC1087,ACC1101,5712,2023-02-02,19:24,192.168.1.36,9370682200,user19@example.com
C018,T2554,ACC1055,ACC1193,2254,2023-06-30,09:19,192.168.1.35,9611827239,user4@example.com
C020,T9745,ACC1030,ACC1122,12535,2023-03-27,16:07,192.168.1.8,9479338380,user31@example.com
C014,T4373,ACC1049,ACC1155,84182,2023-03-12,13:18,192.168.1.20,9754240989,user4@example.com
C015,T6752,ACC1034,ACC1110,2766,2023-02-19,12:26,192.168.1.6,9608699587,user6@example.com
C007,T2854,ACC1062,ACC1151,79412,2023-03-14,13:46,192.168.1.37,9355042270,user34@example.com
C013,T4150,ACC1096,ACC1137,49043,2023-06-30,22:47,192.168.1.49,9668178611,user7@example.com
C001,T7695,ACC1031,ACC1139,2407,2023-04-26,12:07,192.168.1.46,9879765920,user1@example.com
C013,T8872,ACC1030,ACC1101,32852,2023-02-16,18:26,192.168.1.18,9327177012,user45@example.com
C012,T5481,ACC1098,ACC1185,46338,2023-03-25,14:06,192.168.1.34,9216576783,user50@example.com
C001,T8099,ACC1088,ACC1152,90399,2023-06-20,02:01,192.168.1.40,9297332387,user23@example.com
C019,T5266,ACC1076,ACC1118,11022,2023-06-05,01:42,192.168.1.12,9666161093,user38@example.com
C012,T5645,ACC1040,ACC1167,70423,2023-04-16,23:03,192.168.1.39,9538264963,user42@example.com
C001,T3852,ACC1097,ACC1129,88494,2023-02-26,09:23,192.168.1.14,9404487382,user22@example.com
C006,T6443,ACC1001,ACC1194,45253,2023-03-06,18:09,192.168.1.17,9913593810,user27@example.com
C015,T8056,ACC1042,ACC1133,3562,2023-05-11,07:21,192.168.1.13,9445500331,user9@example.com
C008,T7663,ACC1096,ACC1143,23684,2023-06-14,08:26,192.168.1.43,9765926639,user25@example.com
C010,T6445,ACC1060,ACC1109,84212,2023-03-24,20:03,192.168.1.6,9211823645,user6@example.com
C010,T3037,ACC1003,ACC1189,14583,2023-03-21,23:27,192.168.1.40,9882093317,user45@example.com
C009,T4205,ACC1090,ACC1101,47183,2023-06-09,20:56,192.168.1.22,9457196051,user40@example.com
C011,T9443,ACC1054,ACC1198,74453,2023-01-18,00:20,192.168.1.32,9868330593,user43@example.com
C015,T7418,ACC1029,ACC1107,84313,2023-03-01,18:50,192.168.1.32,9635706406,user12@example.com
C015,T6442,ACC1025,ACC1156,5378,2023-01-05,23:43,192.168.1.20,9254171229,user41@example.com
C020,T5814,ACC1007,ACC1146,35591,2023-02-22,20:59,192.168.1.9,9833232439,user6@example.com
C007,T2242,ACC1033,ACC1146,18057,2023-06-08,14:49,192.168.1.30,9556019283,user2@example.com
C014,T7436,ACC1002,ACC1180,54539,2023-01-02,07:00,192.168.1.22,9802104603,user13@example.com
C013,T4916,ACC1032,ACC1196,36628,2023-01-21,17:52,192.168.1.37,9877454734,user31@example.com
C008,T8722,ACC1017,ACC1118,91647,2023-03-10,21:19,192.168.1.26,9239401663,user8@example.com
C012,T2928,ACC1016,ACC1188,9810,2023-04-21,01:54,192.168.1.40,9182366035,user21@example.com
C013,T3113,ACC1092,ACC1111,55804,2023-03-11,21:35,192.168.1.13,9789119592,user9@example.com
C011,T9920,ACC1009,ACC1179,63632,2023-03-29,03:22,192.168.1.36,9646335410,user10@example.com
C017,T7964,ACC1015,ACC1159,63737,2023-02-26,21:08,192.168.1.44,9689960406,user3@example.com
C014,T3608,ACC1051,ACC1165,20641,2023-06-20,13:27,192.168.1.27,9708495774,user12@example.com
C001,T2478,ACC1005,ACC1191,99322,2023-02-02,22:36,192.168.1.37,9731736703,user35@example.com
C016,T1167,ACC1016,ACC1197,45640,2023-02-03,18:32,192.168.1.30,9872540701,user6@example.com
C009,T2378,ACC1003,ACC1122,13791,2023-06-21,05:38,192.168.1.42,9121387302,user47@example.com
C004,T9903,ACC1023,ACC1103,17609,2023-01-16,05:26,192.168.1.9,9172812445,user25@example.com
C003,T2899,ACC1037,ACC1182,24572,2023-04-15,09:37,192.168.1.12,9588945603,user44@example.com
C005,T7098,ACC1056,ACC1112,60849,2023-04-20,07:04,192.168.1.18,9989579525,user29@example.com
C006,T3500,ACC1003,ACC1132,40262,2023-06-25,08:25,192.168.1.41,9361706865,user46@example.com
C011,T6433,ACC1013,ACC1131,39366,2023-03-05,20:15,192.168.1.27,9852848630,user31@example.com
C013,T4095,ACC1023,ACC1133,77502,2023-01-25,16:14,192.168.1.46,9536834157,user27@example.com
C006,T9467,ACC1075,ACC1189,53003,2023-03-18,11:27,192.168.1.20,9755555362,user36@example.com
C018,T7769,ACC1083,ACC1185,56259,2023-02-12,11:56,192.168.1.42,9444116159,user36@example.com
C010,T8348,ACC1078,ACC1169,15690,2023-05-23,10:15,192.168.1.45,9411702941,user22@example.com
C014,T5249,ACC1066,ACC1133,40183,2023-06-08,19:34,192.168.1.40,9709120170,user50@example.com
C014,T9532,ACC1041,ACC1104,17674,2023-05-18,07:55,192.168.1.41,9377335366,user32@example.com
C020,T3289,ACC1039,ACC1130,43550,2023-03-13,21:18,192.168.1.47,9118903759,user25@example.com
C016,T3523,ACC1054,ACC1127,51583,2023-03-24,22:58,192.168.1.49,9888886758,user14@example.com
C020,T5997,ACC1056,ACC1157,2871,2023-05-26,11:48,192.168.1.26,9125966143,user26@example.com
C014,T6108,ACC1043,ACC1182,47448,2023-01-01,02:55,192.168.1.17,9880075884,user33@example.com
C009,T6123,ACC1048,ACC1137,23589,2023-01-13,09:35,192.168.1.24,9781802447,user33@example.com
C005,T7521,ACC1039,ACC1192,11966,2023-06-16,23:16,192.168.1.45,9784898463,user49@example.com
C014,T2816,ACC1017,ACC1118,36888,2023-02-03,00:23,192.168.1.38,9899629001,user21@example.com
C004,T3311,ACC1019,ACC1146,71060,2023-06-02,19:27,192.168.1.42,9686784397,user9@example.com
C015,T3605,ACC1066,ACC1136,63023,2023-05-13,10:14,192.168.1.48,9316667406,user28@example.com
C010,T1675,ACC1042,ACC1114,76859,2023-05-15,22:19,192.168.1.49,9106709471,user27@example.com
C006,T4864,ACC1063,ACC1171,62235,2023-02-17,02:35,192.168.1.44,9837796702,user36@example.com
C017,T5949,ACC1044,ACC1110,51772,2023-04-05,02:54,192.168.1.8,9192861462,user4@example.com
C006,T1557,ACC1004,ACC1140,38133,2023-05-21,07:02,192.168.1.24,9652747729,user37@example.com
C012,T1967,ACC1095,ACC1159,50908,2023-04-16,08:27,192.168.1.24,9120938747,user5@example.com
C007,T8486,ACC1042,ACC1113,25462,2023-03-23,13:39,192.168.1.7,9255632283,user36@example.com
C006,T7566,ACC1006,ACC1132,8319,2023-02-08,19:15,192.168.1.5,9629166134,user3@example.com
C008,T8822,ACC1078,ACC1184,91555,2023-05-02,15:04,192.168.1.31,9522910893,user44@example.com
C005,T4140,ACC1049,ACC1161,51418,2023-03-02,13:10,192.168.1.47,9874587810,user12@example.com
C012,T8606,ACC1080,ACC1117,4846,2023-02-01,23:41,192.168.1.2,9773658748,user28@example.com
C018,T6633,ACC1002,ACC1123,30885,2023-05-08,03:56,192.168.1.8,9194820510,user9@example.com
C007,T8632,ACC1057,ACC1135,35612,2023-03-24,18:09,192.168.1.21,9802352883,user21@example.com
C015,T9330,ACC1090,ACC1150,71908,2023-04-03,21:03,192.168.1.39,9210565583,user24@example.com
C002,T5372,ACC1027,ACC1149,95952,2023-01-26,18:08,192.168.1.19,9208558392,user27@example.com
C015,T4626,ACC1086,ACC1137,39147,2023-02-01,17:11,192.168.1.2,9117741594,user15@example.com
C013,T3499,ACC1091,ACC1103,11907,2023-06-09,22:37,192.168.1.7,9573950593,user25@example.com
C007,T5545,ACC1058,ACC1175,33390,2023-03-23,12:53,192.168.1.22,9432179534,user26@example.com
C017,T3487,ACC1044,ACC1177,69674,2023-06-09,08:42,192.168.1.3,9113128948,user6@example.com
C013,T2361,ACC1058,ACC1155,69516,2023-01-11,00:26,192.168.1.21,9962620518,user20@example.com
C004,T8214,ACC1010,ACC1173,33032,2023-04-22,00:37,192.168.1.37,9596199556,user37@example.com
C015,T5911,ACC1096,ACC1102,4139,2023-02-03,12:10,192.168.1.36,9316811875,user41@example.com
C002,T5679,ACC1095,ACC1145,7616,2023-06-05,03:49,192.168.1.24,9274499199,user36@example.com
C020,T6660,ACC1047,ACC1143,15788,2023-03-15,04:33,192.168.1.20,9176738737,user21@example.com
C020,T7101,ACC1012,ACC1150,38509,2023-04-21,04:08,192.168.1.46,9833199683,user1@example.com
C019,T3645,ACC1056,ACC1198,41703,2023-05-05,14:02,192.168.1.16,9325322615,user2@example.com
C020,T7502,ACC1043,ACC1115,71608,2023-06-17,16:22,192.168.1.33,9708541248,user40@example.com
C001,T7360,ACC1055,ACC1149,28212,2023-02-20,02:01,192.168.1.18,9593130139,user4@example.com
C015,T1030,ACC1021,ACC1165,71104,2023-02-02,07:02,192.168.1.2,9190573201,user21@example.com
C016,T1603,ACC1066,ACC1140,33171,2023-02-28,14:03,192.168.1.43,9713146843,user19@example.com
C012,T2456,ACC1075,ACC1108,57536,2023-03-25,22:16,192.168.1.29,9179471485,user45@example.com
C013,T4207,ACC1042,ACC1180,26742,2023-02-02,07:41,192.168.1.30,9792902158,user50@example.com
C017,T1611,ACC1095,ACC1184,97095,2023-06-09,10:29,192.168.1.43,9690203917,user8@example.com
C001,T7656,ACC1045,ACC1138,66069,2023-04-04,20:26,192.168.1.7,9414996241,user16@example.com
C002,T4453,ACC1063,ACC1122,93028,2023-03-03,08:17,192.168.1.40,9427454280,user33@example.com
C014,T9548,ACC1069,ACC1199,79015,2023-03-30,20:22,192.168.1.4,9433799716,user48@example.com
C001,T4991,ACC1078,ACC1114,85197,2023-06-16,23:27,192.168.1.13,9120972707,user12@example.com
C005,T5668,ACC1030,ACC1142,11383,2023-05-12,20:35,192.168.1.1,9944335854,user4@example.com
C005,T4642,ACC1069,ACC1159,54981,2023-03-14,18:19,192.168.1.35,9725016177,user33@example.com
C002,T9519,ACC1038,ACC1134,26529,2023-02-28,09:34,192.168.1.26,9106034077,user27@example.com
C017,T7275,ACC1066,ACC1165,17294,2023-01-20,20:18,192.168.1.31,9174738287,user44@example.com
C010,T1920,ACC1084,ACC1123,78443,2023-05-12,00:57,192.168.1.32,9405264242,user21@example.com
C012,T8381,ACC1018,ACC1173,62958,2023-02-09,11:43,192.168.1.46,9582384043,user24@example.com
C010,T1330,ACC1013,ACC1189,63870,2023-05-04,18:54,192.168.1.19,9697217703,user40@example.com
C017,T5953,ACC1099,ACC1150,75095,2023-03-26,11:05,192.168.1.35,9579137291,user47@example.com
C005,T6131,ACC1031,ACC1199,1481,2023-05-30,14:17,192.168.1.39,9734842301,user7@example.com
C017,T7886,ACC1084,ACC1142,79707,2023-03-26,23:08,192.168.1.36,9353051535,user33@example.com
C004,T7845,ACC1075,ACC1180,40364,2023-04-19,06:44,192.168.1.8,9788888003,user8@example.com
C012,T6137,ACC1067,ACC1134,22514,2023-05-04,08:34,192.168.1.10,9569067389,user21@example.com
C003,T2351,ACC1006,ACC1121,44103,2023-06-21,12:35,192.168.1.7,9135873259,user12@example.com
C019,T2417,ACC1073,ACC1180,79000,2023-05-09,03:27,192.168.1.33,9662266051,user33@example.com
C014,T9799,ACC1075,ACC1102,74391,2023-05-23,23:09,192.168.1.24,9159810994,user21@example.com
C017,T3954,ACC1065,ACC1112,6799,2023-02-22,17:41,192.168.1.41,9291425169,user42@example.com
C012,T7438,ACC1005,ACC1113,47638,2023-03-29,11:02,192.168.1.50,9101174240,user35@example.com
C003,T3725,ACC1049,ACC1145,61180,2023-04-13,05:19,192.168.1.31,9913866644,user41@example.com
C003,T2102,ACC1004,ACC1132,98087,2023-04-21,11:50,192.168.1.20,9592484617,user25@example.com
C007,T5632,ACC1008,ACC1197,43768,2023-05-28,02:04,192.168.1.15,9762490451,user12@example.com
C009,T2119,ACC1094,ACC1152,68618,2023-03-04,00:02,192.168.1.29,9322813063,user26@example.com
C016,T6544,ACC1015,ACC1174,12256,2023-05-03,17:11,192.168.1.1,9649683511,user29@example.com
C007,T7101,ACC1099,ACC1151,39030,2023-03-05,13:48,192.168.1.16,9590206223,user12@example.com
C011,T1176,ACC1021,ACC1148,60587,2023-06-12,11:46,192.168.1.28,9333497401,user10@example.com
C015,T5767,ACC1093,ACC1109,79285,2023-04-04,01:20,192.168.1.29,9306189442,user19@example.com
C003,T7858,ACC1073,ACC1125,48169,2023-05-20,21:40,192.168.1.21,9275827014,user11@example.com
C019,T7267,ACC1082,ACC1117,71319,2023-02-10,00:37,192.168.1.49,9764180899,user38@example.com
C001,T2507,ACC1064,ACC1145,11737,2023-02-05,07:38,192.168.1.14,9147075297,user17@example.com
C014,T9041,ACC1010,ACC1111,15370,2023-03-17,11:00,192.168.1.44,9321677963,user5@example.com
C019,T7866,ACC1084,ACC1162,96986,2023-05-30,13:10,192.168.1.28,9778987959,user30@example.com
C005,T9075,ACC1037,ACC1148,77706,2023-02-16,23:39,192.168.1.4,9795207342,user15@example.com
C019,T9707,ACC1069,ACC1106,80565,2023-02-05,13:31,192.168.1.47,9278859513,user40@example.com
C001,T4999,ACC1077,ACC1116,26561,2023-03-21,00:37,192.168.1.1,9952036079,user13@example.com
C005,T4896,ACC1099,ACC1143,3785,2023-01-01,02:24,192.168.1.1,9935238536,user9@example.com
C012,T1469,ACC1052,ACC1165,42625,2023-03-24,13:14,192.168.1.10,9516237154,user18@example.com
C009,T4322,ACC1065,ACC1120,88331,2023-03-11,07:16,192.168.1.30,9103859847,user29@example.com
C004,T4144,ACC1012,ACC1166,35759,2023-04-28,10:51,192.168.1.19,9888801052,user7@example.com
C017,T4324,ACC1088,ACC1167,11167,2023-05-07,16:19,192.168.1.22,9479897213,user40@example.com
C011,T8694,ACC1088,ACC1163,42682,2023-06-30,20:01,192.168.1.44,9772901472,user49@example.com
C002,T7133,ACC1034,ACC1172,28716,2023-05-14,15:13,192.168.1.29,9373677833,user28@example.com
C005,T5388,ACC1058,ACC1111,69774,2023-03-26,17:25,192.168.1.24,9112626221,user39@example.com
C018,T9407,ACC1079,ACC1191,86006,2023-01-08,23:18,192.168.1.11,9320216411,user13@example.com
C019,T4222,ACC1088,ACC1179,76276,2023-02-18,06:52,192.168.1.21,9135982101,user37@example.com
C007,T7312,ACC1092,ACC1184,57810,2023-06-15,19:18,192.168.1.34,9984912242,user24@example.com
C008,T3962,ACC1004,ACC1138,54698,2023-04-14,04:31,192.168.1.16,9890771239,user47@example.com
C008,T6022,ACC1073,ACC1138,51018,2023-03-25,12:43,192.168.1.18,9184233005,user14@example.com
C020,T2463,ACC1095,ACC1168,95840,2023-04-09,09:38,192.168.1.14,9908596789,user13@example.com
C005,T5968,ACC1023,ACC1177,20895,2023-05-23,01:19,192.168.1.27,9702882683,user12@example.com
C004,T8943,ACC1005,ACC1151,92543,2023-04-26,11:29,192.168.1.18,9460131237,user38@example.com
C018,T4080,ACC1022,ACC1127,38264,2023-05-17,10:17,192.168.1.25,9204762827,user22@example.com
C018,T4517,ACC1045,ACC1199,69355,2023-02-11,12:37,192.168.1.29,9748623720,user49@example.com
C009,T2223,ACC1044,ACC1107,78890,2023-04-07,17:06,192.168.1.44,9750875104,user8@example.com
C017,T6918,ACC1006,ACC1135,51557,2023-05-18,17:28,192.168.1.30,9915695664,user19@example.com
C001,T1157,ACC1031,ACC1126,31177,2023-06-24,13:37,192.168.1.24,9919434384,user13@example.com
C017,T3271,ACC1011,ACC1189,80948,2023-05-21,23:34,192.168.1.33,9979051463,user22@example.com
C013,T9401,ACC1038,ACC1126,83682,2023-04-20,02:12,192.168.1.38,9146317642,user19@example.com
C018,T8643,ACC1030,ACC1129,20376,2023-01-30,21:53,192.168.1.19,9386444634,user36@example.com
C008,T3931,ACC1065,ACC1108,64704,2023-02-16,00:56,192.168.1.19,9115636059,user21@example.com
C012,T5836,ACC1068,ACC1114,68471,2023-05-11,13:42,192.168.1.23,9321383454,user47@example.com
C009,T6646,ACC1051,ACC1135,80343,2023-04-19,12:05,192.168.1.1,9145208075,user1@example.com
C006,T1378,ACC1027,ACC1111,75490,2023-03-17,00:28,192.168.1.38,9617379405,user44@example.com
C007,T4376,ACC1010,ACC1109,34529,2023-02-17,23:31,192.168.1.34,9635266880,user45@example.com
C015,T3758,ACC1029,ACC1137,38518,2023-02-13,20:20,192.168.1.22,9578663229,user4@example.com
C012,T8548,ACC1073,ACC1129,76223,2023-05-21,11:03,192.168.1.3,9744158300,user20@example.com
C014,T9999,ACC1004,ACC1128,36691,2023-04-10,20:48,192.168.1.21,9800816599,user1@example.com
C002,T3627,ACC1022,ACC1195,69525,2023-03-27,21:11,192.168.1.13,9160753096,user15@example.com
C013,T6115,ACC1084,ACC1147,72238,2023-06-11,04:58,192.168.1.31,9540580778,user49@example.com
C014,T7506,ACC1049,ACC1122,40460,2023-04-23,02:54,192.168.1.38,9899120139,user3@example.com
C008,T8267,ACC1036,ACC1149,21519,2023-06-29,16:28,192.168.1.24,9747747331,user42@example.com
C004,T9862,ACC1019,ACC1195,28582,2023-04-14,13:16,192.168.1.26,9365185414,user40@example.com
C016,T7056,ACC1081,ACC1163,81919,2023-01-23,03:28,192.168.1.2,9902808286,user42@example.com
C012,T7129,ACC1088,ACC1198,94727,2023-01-03,09:59,192.168.1.31,9356069211,user12@example.com
C008,T9320,ACC1031,ACC1129,93807,2023-02-18,08:51,192.168.1.15,9781628997,user29@example.com
C020,T1585,ACC1001,ACC1110,30230,2023-01-08,17:15,192.168.1.29,9453845909,user15@example.com
C009,T5872,ACC1087,ACC1118,21998,2023-06-11,14:07,192.168.1.43,9183593493,user7@example.com
C019,T1362,ACC1006,ACC1120,44028,2023-06-08,10:09,192.168.1.50,9412000631,user3@example.com
C016,T8041,ACC1044,ACC1116,21301,2023-06-21,22:12,192.168.1.3,9389279178,user26@example.com
C005,T5614,ACC1064,ACC1100,63269,2023-01-25,18:41,192.168.1.32,9756793092,user32@example.com
C009,T9912,ACC1070,ACC1139,58082,2023-06-23,02:52,192.168.1.17,9633099321,user49@example.com
C019,T6963,ACC1019,ACC1173,19182,2023-04-18,18:32,192.168.1.46,9802823694,user10@example.com
C012,T8985,ACC1057,ACC1124,7427,2023-06-27,15:12,192.168.1.44,9899881198,user44@example.com
C019,T7741,ACC1064,ACC1126,43370,2023-02-05,08:55,192.168.1.46,9263098705,user14@example.com
C006,T1608,ACC1059,ACC1141,60941,2023-06-24,08:14,192.168.1.47,9260831094,user19@example.com
C013,T2943,ACC1090,ACC1150,82346,2023-05-14,01:19,192.168.1.44,9386551727,user17@example.com
C002,T6204,ACC1041,ACC1129,30776,2023-03-09,12:45,192.168.1.15,9744948936,user17@example.com
C003,T2857,ACC1092,ACC1163,58430,2023-04-14,03:05,192.168.1.49,9223613005,user46@example.com
C019,T5167,ACC1091,ACC1129,82264,2023-03-19,09:04,192.168.1.38,9601806645,user49@example.com
C011,T8162,ACC1050,ACC1150,33183,2023-02-21,00:43,192.168.1.9,9133901094,user28@example.com
C011,T3647,ACC1016,ACC1125,24493,2023-06-03,08:36,192.168.1.2,9414948529,user12@example.com
C003,T8899,ACC1095,ACC1100,29258,2023-03-26,09:25,192.168.1.9,9456086100,user26@example.com
C009,T4819,ACC1053,ACC1142,87199,2023-05-26,04:19,192.168.1.35,9481494828,user16@example.com
C011,T6267,ACC1095,ACC1167,87839,2023-06-07,04:59,192.168.1.49,9933026949,user40@example.com
C007,T8917,ACC1026,ACC1131,90783,2023-05-27,22:21,192.168.1.5,9192654228,user16@example.com
C005,T7578,ACC1092,ACC1116,77105,2023-06-16,02:56,192.168.1.45,9276420295,user30@example.com
C015,T7826,ACC1061,ACC1177,60573,2023-03-01,16:25,192.168.1.49,9187357924,user39@example.com
C015,T9729,ACC1048,ACC1188,66411,2023-01-10,17:08,192.168.1.4,9191976368,user45@example.com
C011,T5231,ACC1018,ACC1155,76201,2023-03-15,02:10,192.168.1.32,9958988680,user6@example.com
C017,T7820,ACC1006,ACC1139,58179,2023-05-23,06:47,192.168.1.43,9613334240,user27@example.com
C019,T6284,ACC1049,ACC1144,98761,2023-04-05,19:05,192.168.1.31,9558764217,user38@example.com
C020,T8824,ACC1082,ACC1189,32039,2023-02-11,13:26,192.168.1.50,9278452736,user41@example.com
C018,T5089,ACC1070,ACC1140,48345,2023-06-02,06:39,192.168.1.8,9763258609,user32@example.com
C007,T1159,ACC1090,ACC1176,71438,2023-02-25,14:06,192.168.1.8,9946314410,user21@example.com
C015,T5578,ACC1033,ACC1177,59634,2023-02-24,13:14,192.168.1.41,9795799777,user37@example.com
C005,T7932,ACC1018,ACC1182,92568,2023-02-11,19:28,192.168.1.34,9170169372,user8@example.com
C014,T6330,ACC1061,ACC1140,41533,2023-03-31,10:34,192.168.1.30,9565429675,user40@example.com
C008,T7488,ACC1054,ACC1172,49440,2023-03-26,14:06,192.168.1.5,9682688329,user27@example.com
C018,T9763,ACC1043,ACC1155,59885,2023-04-15,05:51,192.168.1.48,9646061898,user26@example.com
C011,T4113,ACC1008,ACC1112,65364,2023-02-10,12:00,192.168.1.37,9624146604,user36@example.com
C009,T6210,ACC1015,ACC1137,95876,2023-03-26,10:36,192.168.1.24,9892613460,user2@example.com
C008,T6917,ACC1070,ACC1101,26302,2023-02-22,15:07,192.168.1.6,9618523695,user7@example.com
C009,T9006,ACC1089,ACC1143,96312,2023-04-02,18:01,192.168.1.24,9651620882,user31@example.com
C019,T6251,ACC1092,ACC1169,90696,2023-04-29,12:50,192.168.1.38,9779526845,user38@example.com
C001,T8317,ACC1021,ACC1149,36523,2023-05-29,14:53,192.168.1.2,9809547318,user7@example.com
C018,T6764,ACC1078,ACC1163,7965,2023-02-27,19:47,192.168.1.28,9898432374,user24@example.com
C018,T1797,ACC1042,ACC1181,18432,2023-02-09,01:02,192.168.1.46,9687615958,user9@example.com
C007,T8564,ACC1094,ACC1116,94639,2023-01-19,16:57,192.168.1.27,9989932533,user10@example.com
C005,T1561,ACC1031,ACC1168,86105,2023-04-25,01:02,192.168.1.12,9218668712,user16@example.com
C004,T5491,ACC1013,ACC1144,85501,2023-04-29,09:27,192.168.1.28,9742208792,user13@example.com
C009,T5701,ACC1082,ACC1130,30266,2023-02-11,15:38,192.168.1.3,9576978709,user47@example.com
C012,T1471,ACC1048,ACC1107,38280,2023-06-04,18:11,192.168.1.34,9870622348,user37@example.com
C010,T4997,ACC1094,ACC1156,26867,2023-01-23,06:13,192.168.1.3,9701628739,user11@example.com
C002,T8529,ACC1067,ACC1118,79584,2023-04-15,18:38,192.168.1.1,9138143887,user15@example.com
C011,T2218,ACC1030,ACC1164,20842,2023-05-13,04:00,192.168.1.8,9945443262,user32@example.com
C015,T3341,ACC1051,ACC1130,85352,2023-06-13,00:14,192.168.1.17,9552488351,user34@example.com
C015,T5473,ACC1016,ACC1106,24151,2023-01-25,11:23,192.168.1.29,9886672963,user44@example.com
C003,T3528,ACC1036,ACC1152,5473,2023-05-31,20:00,192.168.1.13,9462440957,user4@example.com
C002,T1006,ACC1031,ACC1176,97988,2023-05-05,07:11,192.168.1.27,9497879924,user15@example.com
C008,T8813,ACC1015,ACC1100,51940,2023-01-20,20:01,192.168.1.48,9328968238,user31@example.com
C013,T1313,ACC1084,ACC1140,21014,2023-05-16,09:04,192.168.1.24,9594951841,user28@example.com
C001,T7972,ACC1044,ACC1193,32085,2023-03-05,15:38,192.168.1.25,9130022814,user11@example.com
C010,T1315,ACC1037,ACC1108,30692,2023-02-03,17:35,192.168.1.5,9497303601,user18@example.com
C008,T3668,ACC1083,ACC1197,92366,2023-02-28,22:32,192.168.1.49,9803625525,user23@example.com
C005,T1109,ACC1005,ACC1145,41045,2023-03-24,22:05,192.168.1.10,9631273647,user30@example.com
C009,T1411,ACC1033,ACC1121,92499,2023-01-24,18:59,192.168.1.39,9598495583,user44@example.com
C010,T1584,ACC1059,ACC1143,76418,2023-03-05,09:51,192.168.1.2,9620188257,user37@example.com
C017,T8380,ACC1097,ACC1193,72821,2023-02-09,05:30,192.168.1.13,9655944947,user40@example.com
C016,T8365,ACC1072,ACC1164,3126,2023-05-10,20:37,192.168.1.7,9945100113,user46@example.com
C010,T7253,ACC1090,ACC1137,83381,2023-06-19,22:00,192.168.1.15,9914642104,user31@example.com
C019,T4208,ACC1054,ACC1150,59833,2023-05-12,07:53,192.168.1.31,9402851891,user49@example.com
C019,T1017,ACC1023,ACC1134,48763,2023-01-08,11:41,192.168.1.14,9212957758,user1@example.com
C015,T2504,ACC1009,ACC1136,18413,2023-02-28,01:21,192.168.1.23,9194774498,user40@example.com
C016,T2657,ACC1031,ACC1113,41257,2023-06-23,10:28,192.168.1.30,9850991489,user41@example.com
C018,T9783,ACC1028,ACC1172,85021,2023-01-31,05:40,192.168.1.17,9112280731,user2@example.com
C019,T8097,ACC1064,ACC1155,24361,2023-03-01,03:41,192.168.1.47,9563925594,user34@example.com
C007,T6875,ACC1008,ACC1169,5533,2023-05-17,08:53,192.168.1.46,9814656319,user31@example.com
C015,T1633,ACC1010,ACC1163,49049,2023-03-11,23:01,192.168.1.34,9445383366,user48@example.com
C016,T5010,ACC1073,ACC1136,55777,2023-04-12,23:33,192.168.1.37,9347968189,user19@example.com
C019,T4657,ACC1056,ACC1146,98054,2023-04-27,23:32,192.168.1.37,9702446567,user46@example.com
C006,T1399,ACC1036,ACC1195,86991,2023-01-09,15:53,192.168.1.23,9567669588,user15@example.com
C001,T5247,ACC1032,ACC1126,53294,2023-03-22,11:50,192.168.1.8,9208036892,user12@example.com
C016,T4720,ACC1065,ACC1185,1877,2023-05-19,09:14,192.168.1.36,9521743874,user7@example.com
C020,T9873,ACC1006,ACC1156,83142,2023-06-13,01:52,192.168.1.48,9971854898,user6@example.com
C018,T8224,ACC1052,ACC1151,5076,2023-05-12,03:57,192.168.1.32,9564407302,user24@example.com
C006,T5690,ACC1075,ACC1118,48594,2023-04-02,08:53,192.168.1.22,9994149360,user15@example.com
C018,T1614,ACC1035,ACC1199,79458,2023-02-21,20:26,192.168.1.3,9252059126,user28@example.com
C009,T5908,ACC1019,ACC1111,86673,2023-05-01,14:31,192.168.1.16,9660728741,user48@example.com
C012,T9903,ACC1073,ACC1106,60080,2023-06-27,07:27,192.168.1.36,9218517877,user19@example.com
C003,T1857,ACC1038,ACC1128,44174,2023-05-30,22:33,192.168.1.49,9210447174,user39@example.com
C019,T3752,ACC1036,ACC1148,84255,2023-02-21,22:32,192.168.1.12,9278959174,user16@example.com
C005,T7539,ACC1062,ACC1131,18348,2023-01-21,07:10,192.168.1.44,9365441878,user32@example.com
C001,T5674,ACC1071,ACC1173,24878,2023-01-12,01:27,192.168.1.3,9312772571,user32@example.com
C007,T7804,ACC1098,ACC1126,10337,2023-03-07,14:43,192.168.1.26,9306201882,user46@example.com
C020,T2453,ACC1059,ACC1113,82858,2023-04-12,16:26,192.168.1.44,9442260727,user35@example.com
C004,T9505,ACC1007,ACC1107,85548,2023-06-14,16:46,192.168.1.30,9934394261,user30@example.com
C007,T1873,ACC1064,ACC1130,48864,2023-05-28,12:44,192.168.1.12,9275344120,user34@example.com
C016,T6889,ACC1092,ACC1117,53975,2023-06-19,11:07,192.168.1.23,9522703702,user39@example.com
C003,T5017,ACC1050,ACC1183,99472,2023-05-13,10:22,192.168.1.20,9644251339,user21@example.com
C006,T8888,ACC1008,ACC1116,92878,2023-01-18,15:18,192.168.1.10,9687624925,user12@example.com
C005,T5224,ACC1085,ACC1104,41863,2023-01-18,15:07,192.168.1.9,9342547557,user45@example.com
C020,T1909,ACC1077,ACC1151,3851,2023-02-27,22:54,192.168.1.22,9125050234,user46@example.com
C017,T7879,ACC1008,ACC1131,73156,2023-02-19,20:28,192.168.1.41,9524777649,user18@example.com
C011,T1751,ACC1077,ACC1161,40776,2023-06-16,06:13,192.168.1.37,9819241977,user10@example.com
C009,T5681,ACC1043,ACC1167,14277,2023-04-21,09:04,192.168.1.31,9402501691,user45@example.com
C012,T2355,ACC1065,ACC1116,51549,2023-03-30,01:15,192.168.1.24,9643086217,user6@example.com
C004,T2101,ACC1056,ACC1179,94050,2023-03-17,23:12,192.168.1.15,9737005991,user38@example.com
C001,T4452,ACC1065,ACC1110,61757,2023-06-12,04:13,192.168.1.7,9202704234,user13@example.com
C004,T4303,ACC1077,ACC1116,17969,2023-06-18,00:20,192.168.1.44,9777378339,user25@example.com
C020,T2831,ACC1066,ACC1104,63813,2023-03-24,18:50,192.168.1.25,9868907078,user43@example.com
C011,T5261,ACC1049,ACC1165,94999,2023-05-31,21:01,192.168.1.42,9939486469,user24@example.com
C007,T7336,ACC1083,ACC1112,15614,2023-06-13,19:27,192.168.1.22,9991391787,user48@example.com
C015,T7668,ACC1044,ACC1192,70403,2023-03-19,01:38,192.168.1.9,9249782095,user12@example.com
C009,T6483,ACC1085,ACC1162,21616,2023-05-11,02:29,192.168.1.6,9241484664,user30@example.com
C012,T8161,ACC1077,ACC1140,6953,2023-02-11,09:14,192.168.1.31,9650413000,user18@example.com
C007,T5868,ACC1040,ACC1179,43969,2023-01-27,05:07,192.168.1.45,9103247988,user7@example.com
C014,T7477,ACC1051,ACC1197,89817,2023-05-25,01:36,192.168.1.5,9650524159,user27@example.com
C015,T4398,ACC1083,ACC1117,8462,2023-04-13,07:59,192.168.1.45,9358063821,user1@example.com
C018,T3715,ACC1050,ACC1147,20116,2023-04-29,01:30,192.168.1.23,9409364890,user47@example.com
C011,T2727,ACC1015,ACC1104,77699,2023-04-20,03:38,192.168.1.33,9581764997,user30@example.com
C012,T2606,ACC1011,ACC1158,23277,2023-04-21,07:21,192.168.1.2,9850363383,user5@example.com
C005,T1272,ACC1079,ACC1193,17176,2023-01-01,02:20,192.168.1.8,9651360577,user14@example.com
C003,T5370,ACC1071,ACC1133,53297,2023-05-17,10:18,192.168.1.11,9224870214,user19@example.com
C001,T6618,ACC1026,ACC1115,28197,2023-01-02,00:30,192.168.1.36,9864952994,user42@example.com
C016,T2711,ACC1096,ACC1141,63204,2023-01-06,12:09,192.168.1.26,9432596617,user15@example.com
C005,T4094,ACC1023,ACC1193,17720,2023-05-15,18:01,192.168.1.2,9999746762,user40@example.com
C008,T1113,ACC1032,ACC1167,77627,2023-04-22,21:29,192.168.1.38,9207781222,user28@example.com
C002,T7830,ACC1091,ACC1159,27408,2023-01-11,05:20,192.168.1.45,9362157107,user17@example.com
C017,T5307,ACC1081,ACC1104,43993,2023-01-21,21:31,192.168.1.2,9670563403,user27@example.com
C014,T3322,ACC1033,ACC1180,51907,2023-05-04,10:42,192.168.1.7,9917822073,user44@example.com
C013,T1253,ACC1001,ACC1135,43424,2023-03-21,08:52,192.168.1.41,9762611347,user43@example.com
C020,T3934,ACC1019,ACC1112,61671,2023-02-06,20:09,192.168.1.15,9466282455,user9@example.com
C005,T8080,ACC1064,ACC1187,25739,2023-06-26,14:10,192.168.1.19,9319496068,user50@example.com
C017,T8430,ACC1049,ACC1101,70749,2023-02-02,21:36,192.168.1.28,9479385037,user45@example.com
C019,T1651,ACC1058,ACC1146,59915,2023-02-19,16:00,192.168.1.9,9637699835,user35@example.com
C001,T4347,ACC1092,ACC1102,32275,2023-02-08,16:25,192.168.1.13,9833330909,user40@example.com
C004,T7228,ACC1004,ACC1132,20205,2023-01-19,07:54,192.168.1.29,9980793634,user35@example.com
C011,T8690,ACC1088,ACC1161,91080,2023-06-30,08:54,192.168.1.5,9920014204,user37@example.com
C017,T8932,ACC1002,ACC1179,51953,2023-06-16,22:53,192.168.1.19,9591401511,user4@example.com
C016,T6658,ACC1096,ACC1169,89905,2023-03-10,01:11,192.168.1.49,9709884420,user44@example.com
C007,T5336,ACC1039,ACC1139,50654,2023-02-23,10:13,192.168.1.11,9568995030,user19@example.com
C013,T1791,ACC1069,ACC1151,76660,2023-04-09,18:15,192.168.1.17,9445211473,user9@example.com
C003,T9125,ACC1097,ACC1110,43168,2023-04-20,15:08,192.168.1.38,9321377784,user27@example.com
C009,T2792,ACC1072,ACC1149,96178,2023-06-10,23:40,192.168.1.20,9810640814,user14@example.com
C008,T2679,ACC1076,ACC1186,17514,2023-01-24,11:49,192.168.1.1,9478788388,user23@example.com
C012,T2715,ACC1024,ACC1112,80356,2023-02-12,13:48,192.168.1.31,9664718446,user37@example.com
C019,T4768,ACC1096,ACC1194,69951,2023-04-25,00:45,192.168.1.45,9585529293,user11@example.com
C002,T6236,ACC1084,ACC1187,2622,2023-03-27,05:48,192.168.1.31,9635480605,user24@example.com
C005,T5528,ACC1057,ACC1152,46035,2023-03-23,03:16,192.168.1.50,9443012952,user25@example.com
C009,T2332,ACC1056,ACC1168,41968,2023-03-25,10:01,192.168.1.10,9225037588,user7@example.com
C011,T4857,ACC1045,ACC1131,32645,2023-06-13,22:22,192.168.1.32,9505934862,user47@example.com
C014,T8232,ACC1014,ACC1164,67438,2023-03-03,08:06,192.168.1.1,9888464165,user27@example.com
C004,T5990,ACC1008,ACC1197,37578,2023-02-28,04:01,192.168.1.50,9664138680,user7@example.com
C012,T4300,ACC1076,ACC1187,86084,2023-05-06,19:30,192.168.1.34,9415353883,user11@example.com
C013,T7339,ACC1076,ACC1158,64812,2023-02-16,19:18,192.168.1.21,9438579281,user22@example.com
C005,T2314,ACC1008,ACC1130,82618,2023-05-05,06:58,192.168.1.2,9783012156,user6@example.com
C018,T5293,ACC1025,ACC1178,21556,2023-01-19,19:44,192.168.1.18,9570706435,user49@example.com
C019,T5295,ACC1096,ACC1183,74801,2023-04-06,13:10,192.168.1.13,9932471527,user49@example.com
C017,T8808,ACC1080,ACC1182,38545,2023-04-23,05:25,192.168.1.40,9574406600,user23@example.com
C018,T7527,ACC1055,ACC1170,67548,2023-03-31,13:56,192.168.1.47,9324813493,user8@example.com
C003,T9130,ACC1008,ACC1108,26538,2023-05-02,09:34,192.168.1.12,9636807814,user8@example.com
C005,T9022,ACC1012,ACC1134,12281,2023-02-16,23:48,192.168.1.44,9270503815,user39@example.com
C007,T7945,ACC1047,ACC1101,95980,2023-02-28,17:17,192.168.1.30,9222458011,user35@example.com
C016,T7551,ACC1095,ACC1135,90190,2023-03-02,17:29,192.168.1.14,9959182708,user30@example.com
C002,T8661,ACC1096,ACC1155,59143,2023-04-05,13:32,192.168.1.48,9287692591,user5@example.com
C019,T9074,ACC1086,ACC1160,35041,2023-05-29,01:53,192.168.1.46,9780875000,user7@example.com
C004,T1984,ACC1005,ACC1115,43001,2023-04-09,09:27,192.168.1.13,9759580737,user1@example.com
C009,T5093,ACC1012,ACC1121,88295,2023-01-07,22:38,192.168.1.14,9668794083,user41@example.com
C018,T2813,ACC1092,ACC1106,82026,2023-05-05,16:34,192.168.1.17,9817107132,user46@example.com
C016,T1870,ACC1070,ACC1154,81532,2023-03-30,16:30,192.168.1.30,9163001779,user3@example.com
C003,T9940,ACC1023,ACC1173,65239,2023-01-05,12:29,192.168.1.22,9942206063,user39@example.com
C008,T9617,ACC1066,ACC1104,82214,2023-04-25,10:46,192.168.1.23,9263536277,user23@example.com
C004,T7415,ACC1065,ACC1132,44947,2023-04-20,20:04,192.168.1.50,9478347356,user9@example.com
C017,T9888,ACC1044,ACC1109,88881,2023-05-18,06:38,192.168.1.12,9831854793,user2@example.com
C014,T5511,ACC1087,ACC1190,72685,2023-01-30,23:12,192.168.1.34,9282902780,user43@example.com
C017,T7577,ACC1003,ACC1134,69091,2023-05-26,15:19,192.168.1.2,9151580620,user23@example.com
C020,T5675,ACC1095,ACC1118,80169,2023-06-04,11:04,192.168.1.33,9524111951,user35@example.com
C012,T8733,ACC1047,ACC1154,48215,2023-05-27,20:59,192.168.1.13,9713503050,user4@example.com
C015,T3458,ACC1027,ACC1119,4770,2023-06-10,18:36,192.168.1.18,9608957006,user49@example.com
C006,T8047,ACC1073,ACC1152,90466,2023-01-14,13:06,192.168.1.17,9871873264,user10@example.com
C005,T3305,ACC1092,ACC1102,47449,2023-05-26,18:43,192.168.1.15,9140523614,user5@example.com
C013,T5889,ACC1049,ACC1196,81176,2023-03-31,13:57,192.168.1.41,9467232112,user5@example.com
C004,T4989,ACC1098,ACC1132,46127,2023-06-07,03:53,192.168.1.23,9329316713,user48@example.com
C015,T6740,ACC1003,ACC1163,80656,2023-04-13,22:38,192.168.1.8,9705356875,user11@example.com
C009,T9859,ACC1013,ACC1157,53777,2023-04-09,02:20,192.168.1.34,9471063606,user42@example.com
C013,T5369,ACC1082,ACC1191,48219,2023-04-01,14:04,192.168.1.3,9843364353,user25@example.com
C007,T7061,ACC1044,ACC1130,62187,2023-02-08,09:24,192.168.1.13,9556247222,user30@example.com
C014,T5359,ACC1035,ACC1191,44331,2023-01-17,08:26,192.168.1.50,9571843886,user43@example.com
C003,T3668,ACC1037,ACC1170,74962,2023-02-12,12:46,192.168.1.42,9409565487,user8@example.com
C010,T4802,ACC1051,ACC1108,54453,2023-05-17,06:09,192.168.1.31,9106013514,user36@example.com
C018,T9808,ACC1084,ACC1137,55119,2023-03-29,21:01,192.168.1.41,9291839924,user45@example.com
C012,T1254,ACC1078,ACC1110,78464,2023-03-16,19:01,192.168.1.25,9471505795,user29@example.com
C015,T9853,ACC1099,ACC1163,62254,2023-05-05,11:57,192.168.1.5,9396518304,user29@example.com
C016,T5455,ACC1046,ACC1114,79566,2023-04-09,00:23,192.168.1.1,9668358983,user34@example.com
C009,T4959,ACC1083,ACC1186,21145,2023-04-30,06:56,192.168.1.46,9493422275,user20@example.com
C015,T2186,ACC1037,ACC1183,29466,2023-06-02,19:07,192.168.1.40,9710897072,user49@example.com
C010,T6402,ACC1015,ACC1175,32658,2023-03-27,02:36,192.168.1.22,9992378180,user34@example.com
C006,T6410,ACC1087,ACC1163,65709,2023-05-17,14:17,192.168.1.34,9337845836,user27@example.com
C001,T3996,ACC1002,ACC1124,72995,2023-06-17,08:25,192.168.1.15,9882445105,user50@example.com
C015,T9190,ACC1000,ACC1188,69819,2023-05-25,05:05,192.168.1.27,9619087617,user50@example.com
C018,T7644,ACC1044,ACC1180,69294,2023-03-14,21:12,192.168.1.44,9857067649,user27@example.com
C008,T4246,ACC1057,ACC1177,25463,2023-01-05,09:04,192.168.1.8,9448926352,user15@example.com
C002,T5099,ACC1043,ACC1168,3222,2023-06-23,20:02,192.168.1.40,9986175008,user27@example.com
C011,T9507,ACC1097,ACC1160,45912,2023-01-05,00:08,192.168.1.2,9367251672,user40@example.com
C020,T5576,ACC1064,ACC1153,22010,2023-03-10,07:58,192.168.1.45,9741248380,user37@example.com
C015,T1303,ACC1085,ACC1150,53702,2023-01-19,18:27,192.168.1.42,9420928474,user34@example.com
C009,T7842,ACC1090,ACC1105,59385,2023-01-23,10:12,192.168.1.41,9567701247,user43@example.com
C009,T6117,ACC1030,ACC1135,81435,2023-04-29,03:00,192.168.1.1,9910607699,user46@example.com
C011,T5322,ACC1000,ACC1199,67199,2023-06-04,19:31,192.168.1.34,9946477663,user8@example.com
C002,T5500,ACC1065,ACC1174,64285,2023-01-25,00:09,192.168.1.33,9589285485,user39@example.com
C001,T7162,ACC1017,ACC1146,89978,2023-06-20,13:12,192.168.1.3,9112741618,user12@example.com
C010,T1438,ACC1019,ACC1173,34701,2023-03-13,10:30,192.168.1.25,9885638281,user11@example.com
C003,T9925,ACC1080,ACC1162,46531,2023-03-24,04:22,192.168.1.25,9981614660,user4@example.com
C004,T8749,ACC1059,ACC1197,30523,2023-05-16,12:23,192.168.1.28,9952440465,user19@example.com
C019,T2423,ACC1064,ACC1155,89708,2023-05-10,18:56,192.168.1.16,9454681351,user8@example.com
C009,T3719,ACC1064,ACC1199,48138,2023-02-02,02:03,192.168.1.42,9838398889,user8@example.com
C018,T2399,ACC1045,ACC1196,31231,2023-02-25,08:18,192.168.1.20,9977774003,user49@example.com
C003,T8412,ACC1003,ACC1121,68800,2023-05-17,15:27,192.168.1.22,9800576299,user9@example.com
C004,T3744,ACC1086,ACC1113,37928,2023-02-28,21:06,192.168.1.1,9818920330,user13@example.com
C017,T8219,ACC1016,ACC1198,86799,2023-06-26,12:45,192.168.1.32,9397998979,user5@example.com
C008,T8641,ACC1091,ACC1185,51024,2023-01-05,04:46,192.168.1.46,9883533468,user33@example.com
C017,T5473,ACC1062,ACC1112,7905,2023-06-15,12:34,192.168.1.10,9324422171,user5@example.com
C018,T9600,ACC1097,ACC1191,68501,2023-03-03,04:43,192.168.1.9,9313951139,user35@example.com
C018,T6964,ACC1090,ACC1144,36239,2023-03-23,23:45,192.168.1.18,9874291148,user16@example.com
C014,T8622,ACC1002,ACC1105,60014,2023-02-23,12:03,192.168.1.37,9518880500,user49@example.com
C017,T5310,ACC1013,ACC1135,21423,2023-03-03,14:38,192.168.1.48,9996620871,user11@example.com
C020,T7433,ACC1051,ACC1174,19192,2023-01-21,22:14,192.168.1.19,9275116293,user33@example.com
C019,T4764,ACC1018,ACC1172,50175,2023-06-03,08:55,192.168.1.40,9769128624,user30@example.com
C003,T6417,ACC1002,ACC1154,91607,2023-05-26,18:07,192.168.1.6,9292134854,user38@example.com
C001,T3597,ACC1049,ACC1120,39308,2023-02-23,04:36,192.168.1.18,9191671639,user39@example.com
C001,T4108,ACC1013,ACC1199,7350,2023-04-28,22:17,192.168.1.42,9696980193,user32@example.com
C020,T9366,ACC1010,ACC1149,77446,2023-06-04,10:06,192.168.1.24,9832436189,user29@example.com
C002,T8293,ACC1019,ACC1120,96367,2023-03-11,12:53,192.168.1.42,9564807679,user19@example.com
C001,T6639,ACC1062,ACC1186,3465,2023-06-16,21:46,192.168.1.39,9948634373,user23@example.com
C006,T6029,ACC1022,ACC1169,2948,2023-01-21,11:41,192.168.1.42,9408724035,user16@example.com
C019,T8925,ACC1040,ACC1199,11620,2023-02-20,10:57,192.168.1.19,9315107425,user21@example.com
C012,T3716,ACC1074,ACC1134,25739,2023-04-29,10:23,192.168.1.45,9561151147,user35@example.com
C011,T3651,ACC1093,ACC1180,81317,2023-02-08,16:49,192.168.1.45,9691974979,user9@example.com
C020,T5953,ACC1011,ACC1108,93759,2023-01-06,15:55,192.168.1.50,9672055634,user41@example.com
C014,T6199,ACC1015,ACC1107,71574,2023-04-14,22:57,192.168.1.17,9374724535,user16@example.com
C020,T7082,ACC1072,ACC1166,76100,2023-06-22,14:05,192.168.1.40,9936762533,user3@example.com
C012,T4330,ACC1072,ACC1196,1340,2023-04-02,21:18,192.168.1.34,9533969331,user46@example.com
C002,T4155,ACC1009,ACC1144,5354,2023-05-31,08:29,192.168.1.45,9678665178,user22@example.com
C018,T4217,ACC1088,ACC1135,5117,2023-05-28,21:56,192.168.1.8,9693453374,user31@example.com
C006,T6893,ACC1005,ACC1109,96700,2023-05-25,22:52,192.168.1.17,9763161940,user31@example.com
C013,T9578,ACC1000,ACC1117,82179,2023-06-03,13:37,192.168.1.39,9995130155,user15@example.com
C018,T3320,ACC1028,ACC1143,34538,2023-01-17,05:16,192.168.1.47,9333856692,user42@example.com
C011,T1749,ACC1022,ACC1151,68870,2023-04-29,19:52,192.168.1.19,9174075816,user20@example.com
C013,T4401,ACC1018,ACC1172,90858,2023-02-06,00:12,192.168.1.44,9912862611,user50@example.com
C006,T4158,ACC1015,ACC1151,19608,2023-02-02,10:11,192.168.1.30,9949932053,user33@example.com
C005,T5644,ACC1041,ACC1176,71496,2023-06-07,01:45,192.168.1.6,9979922558,user3@example.com
C014,T1646,ACC1065,ACC1181,48562,2023-03-24,03:08,192.168.1.14,9190948354,user10@example.com
C009,T6568,ACC1026,ACC1158,30442,2023-04-24,14:46,192.168.1.22,9101041340,user49@example.com
C015,T6225,ACC1043,ACC1126,5075,2023-03-30,11:35,192.168.1.19,9858213017,user1@example.com
C013,T6842,ACC1004,ACC1144,5978,2023-04-25,23:04,192.168.1.33,9929536545,user13@example.com
C013,T9286,ACC1013,ACC1162,97813,2023-06-25,21:37,192.168.1.29,9538682758,user33@example.com
C014,T4857,ACC1018,ACC1169,89385,2023-01-02,22:59,192.168.1.11,9820306578,user43@example.com
C007,T6925,ACC1032,ACC1113,68122,2023-01-27,22:04,192.168.1.47,9617516148,user24@example.com
C009,T3235,ACC1060,ACC1153,57492,2023-05-24,07:27,192.168.1.9,9364874955,user25@example.com
C018,T6417,ACC1091,ACC1177,76150,2023-06-15,11:19,192.168.1.47,9442545029,user32@example.com
C019,T8749,ACC1059,ACC1198,30569,2023-05-20,20:05,192.168.1.43,9878763786,user11@example.com
C008,T9217,ACC1030,ACC1162,79050,2023-06-12,01:28,192.168.1.2,9348839367,user26@example.com
C015,T6692,ACC1057,ACC1113,30040,2023-02-24,12:46,192.168.1.29,9743070511,user41@example.com
C003,T8440,ACC1071,ACC1114,29661,2023-01-06,09:19,192.168.1.30,9754549318,user6@example.com
C011,T4072,ACC1056,ACC1196,2582,2023-04-06,17:07,192.168.1.23,9844317646,user40@example.com
C016,T8019,ACC1083,ACC1118,1555,2023-02-07,08:06,192.168.1.48,9261393615,user40@example.com
C013,T7774,ACC1052,ACC1107,4691,2023-05-19,19:08,192.168.1.44,9168886361,user35@example.com
C016,T4029,ACC1026,ACC1147,80842,2023-03-19,02:37,192.168.1.12,9615537388,user38@example.com
C002,T2155,ACC1017,ACC1123,78685,2023-03-21,15:46,192.168.1.50,9935289752,user9@example.com
C009,T6494,ACC1094,ACC1151,34869,2023-02-15,05:03,192.168.1.14,9151484796,user28@example.com
C011,T9536,ACC1055,ACC1195,54701,2023-02-23,05:34,192.168.1.7,9709448167,user1@example.com
C016,T4657,ACC1069,ACC1118,23632,2023-05-31,12:47,192.168.1.16,9561816766,user41@example.com
C009,T6108,ACC1035,ACC1124,99569,2023-03-03,12:19,192.168.1.14,9456340232,user14@example.com
C004,T2783,ACC1019,ACC1159,87405,2023-06-19,01:39,192.168.1.49,9503671505,user45@example.com
C004,T4956,ACC1066,ACC1163,60663,2023-03-17,03:30,192.168.1.30,9254485733,user40@example.com
C013,T8063,ACC1077,ACC1173,48802,2023-02-10,21:53,192.168.1.31,9633600528,user44@example.com
C004,T3087,ACC1099,ACC1138,57360,2023-03-01,13:47,192.168.1.2,9146937436,user38@example.com
C013,T1519,ACC1085,ACC1157,92159,2023-04-24,07:53,192.168.1.21,9865350425,user4@example.com
C008,T5430,ACC1032,ACC1191,81651,2023-03-21,08:34,192.168.1.37,9737946789,user42@example.com
C018,T2539,ACC1032,ACC1116,72717,2023-02-06,12:59,192.168.1.20,9224727149,user3@example.com
C018,T6267,ACC1053,ACC1167,19089,2023-06-11,18:48,192.168.1.29,9684304080,user28@example.com
C018,T7213,ACC1073,ACC1118,57277,2023-06-05,21:32,192.168.1.44,9674947352,user32@example.com
C017,T3469,ACC1000,ACC1198,39437,2023-03-08,21:45,192.168.1.9,9239223940,user45@example.com
C013,T4574,ACC1086,ACC1138,5933,2023-03-01,17:20,192.168.1.24,9903835592,user13@example.com
C011,T3572,ACC1048,ACC1171,51440,2023-01-28,00:42,192.168.1.46,9813394701,user43@example.com
C019,T8318,ACC1096,ACC1129,91710,2023-04-13,09:35,192.168.1.9,9118251714,user30@example.com
C005,T1372,ACC1059,ACC1148,27497,2023-04-02,10:07,192.168.1.27,9315927840,user33@example.com
C006,T4443,ACC1057,ACC1167,7811,2023-03-21,07:49,192.168.1.1,9781252457,user46@example.com
C003,T6011,ACC1085,ACC1167,93983,2023-03-25,21:18,192.168.1.25,9891993277,user11@example.com
C013,T9694,ACC1091,ACC1123,53054,2023-06-21,11:32,192.168.1.41,9165277472,user47@example.com
C007,T9537,ACC1074,ACC1176,42802,2023-01-22,03:32,192.168.1.11,9600749011,user20@example.com
C019,T5065,ACC1009,ACC1123,26499,2023-01-17,00:22,192.168.1.23,9913843547,user2@example.com
C020,T8273,ACC1057,ACC1199,88606,2023-06-07,19:38,192.168.1.26,9215073542,user17@example.com
C005,T4687,ACC1018,ACC1194,50932,2023-01-01,12:25,192.168.1.25,9926408463,user46@example.com
C017,T1224,ACC1012,ACC1166,60122,2023-05-24,06:36,192.168.1.18,9992051172,user36@example.com
C018,T4024,ACC1043,ACC1170,33986,2023-03-09,00:52,192.168.1.28,9387422203,user15@example.com
C011,T5661,ACC1011,ACC1114,97948,2023-03-30,05:24,192.168.1.40,9630462485,user44@example.com
C017,T5582,ACC1034,ACC1135,50869,2023-01-06,00:57,192.168.1.26,9784377313,user45@example.com
C004,T6417,ACC1050,ACC1134,8151,2023-03-07,18:11,192.168.1.4,9441557991,user31@example.com
C016,T2470,ACC1032,ACC1192,56021,2023-06-01,09:29,192.168.1.2,9686452732,user4@example.com
C008,T3506,ACC1032,ACC1183,77382,2023-04-02,14:43,192.168.1.47,9945401347,user21@example.com
C003,T7398,ACC1044,ACC1137,47222,2023-01-17,01:11,192.168.1.4,9825642637,user1@example.com
C009,T1190,ACC1086,ACC1136,17732,2023-01-23,17:03,192.168.1.43,9173182090,user28@example.com
C013,T7165,ACC1097,ACC1132,60711,2023-05-05,05:33,192.168.1.50,9419945407,user24@example.com
C002,T1591,ACC1051,ACC1194,76887,2023-05-02,01:32,192.168.1.29,9147804570,user9@example.com
C001,T6432,ACC1017,ACC1129,29877,2023-04-22,04:49,192.168.1.20,9478169896,user18@example.com
C015,T6592,ACC1080,ACC1193,9179,2023-06-17,22:59,192.168.1.33,9333673171,user42@example.com
C018,T7848,ACC1088,ACC1100,60146,2023-01-17,00:05,192.168.1.18,9275162564,user47@example.com
C017,T3520,ACC1088,ACC1172,21337,2023-06-01,09:34,192.168.1.43,9275077707,user17@example.com
C015,T9566,ACC1081,ACC1149,51468,2023-02-25,21:27,192.168.1.4,9333646231,user4@example.com
C013,T9561,ACC1026,ACC1150,17422,2023-06-19,21:32,192.168.1.10,9341541414,user25@example.com
C017,T7365,ACC1093,ACC1150,84836,2023-05-05,18:14,192.168.1.31,9916880238,user35@example.com
C020,T5577,ACC1083,ACC1189,35593,2023-03-25,13:28,192.168.1.2,9743522006,user9@example.com
C010,T7980,ACC1028,ACC1103,49349,2023-04-29,07:18,192.168.1.29,9963648339,user31@example.com
C002,T4203,ACC1066,ACC1116,72236,2023-02-06,22:19,192.168.1.22,9162148797,user31@example.com
C002,T3046,ACC1017,ACC1126,46609,2023-06-17,03:28,192.168.1.6,9365865306,user23@example.com
C009,T9089,ACC1023,ACC1171,86967,2023-05-19,15:20,192.168.1.31,9212685353,user23@example.com
C009,T7918,ACC1089,ACC1168,54169,2023-04-24,12:13,192.168.1.4,9432381792,user37@example.com
C012,T8597,ACC1023,ACC1126,32294,2023-02-27,20:49,192.168.1.41,9570003770,user10@example.com
C015,T7005,ACC1036,ACC1111,30273,2023-04-17,08:21,192.168.1.31,9479126216,user23@example.com
C008,T3666,ACC1064,ACC1184,85175,2023-05-03,07:22,192.168.1.29,9989896117,user14@example.com
C003,T9689,ACC1047,ACC1188,6029,2023-02-04,03:40,192.168.1.47,9502194638,user14@example.com
C011,T5735,ACC1090,ACC1103,20182,2023-03-14,07:02,192.168.1.47,9138586455,user21@example.com
C019,T2032,ACC1027,ACC1159,32498,2023-03-28,11:20,192.168.1.49,9685015487,user50@example.com
C015,T8390,ACC1003,ACC1132,85460,2023-01-31,02:36,192.168.1.3,9921418351,user24@example.com
C005,T8849,ACC1007,ACC1174,75014,2023-01-12,11:12,192.168.1.3,9906575509,user24@example.com
C017,T9856,ACC1042,ACC1135,95437,2023-04-02,11:12,192.168.1.18,9885043158,user12@example.com
C001,T4639,ACC1015,ACC1136,54387,2023-05-23,15:17,192.168.1.39,9868968405,user4@example.com
C016,T2072,ACC1015,ACC1197,3732,2023-03-23,17:50,192.168.1.24,9242930380,user10@example.com
C006,T7683,ACC1076,ACC1140,27831,2023-03-10,10:55,192.168.1.30,9349636877,user25@example.com
C019,T4160,ACC1053,ACC1121,57300,2023-06-27,01:54,192.168.1.29,9561706584,user10@example.com
C011,T9834,ACC1068,ACC1100,29753,2023-05-25,10:22,192.168.1.34,9925034171,user31@example.com
C019,T9687,ACC1098,ACC1173,49227,2023-02-09,21:00,192.168.1.19,9712053225,user37@example.com
C013,T4282,ACC1038,ACC1199,54566,2023-02-10,12:39,192.168.1.30,9825088624,user2@example.com
C016,T2096,ACC1000,ACC1198,34857,2023-02-10,19:54,192.168.1.16,9792873803,user10@example.com
C008,T9741,ACC1041,ACC1182,44769,2023-02-26,13:36,192.168.1.14,9525700358,user21@example.com
C009,T9358,ACC1079,ACC1144,59393,2023-03-22,11:04,192.168.1.40,9119979723,user5@example.com
C015,T5287,ACC1053,ACC1149,39332,2023-01-07,02:32,192.168.1.28,9914822504,user2@example.com
C014,T5151,ACC1073,ACC1105,5164,2023-03-21,10:46,192.168.1.49,9149934921,user20@example.com
C010,T9097,ACC1095,ACC1111,58479,2023-05-03,07:49,192.168.1.22,9678906547,user9@example.com
C004,T3638,ACC1025,ACC1103,4863,2023-03-28,11:43,192.168.1.47,9134280929,user29@example.com
C018,T5505,ACC1088,ACC1180,49404,2023-05-17,15:04,192.168.1.6,9924439497,user2@example.com
C001,T7961,ACC1071,ACC1136,40625,2023-04-16,22:36,192.168.1.18,9351822031,user41@example.com
C016,T7425,ACC1025,ACC1104,96409,2023-01-31,09:17,192.168.1.23,9872662385,user4@example.com
C016,T7883,ACC1052,ACC1104,80869,2023-05-03,15:59,192.168.1.39,9714538391,user25@example.com
C011,T6414,ACC1033,ACC1150,61286,2023-05-05,02:13,192.168.1.34,9243164099,user23@example.com
C015,T5368,ACC1081,ACC1175,44952,2023-03-03,15:09,192.168.1.35,9734684534,user8@example.com
C001,T3541,ACC1047,ACC1122,8982,2023-01-15,16:02,192.168.1.16,9137722143,user5@example.com
C012,T1875,ACC1094,ACC1187,22890,2023-03-30,01:50,192.168.1.37,9887837835,user22@example.com
C013,T9867,ACC1048,ACC1101,3971,2023-04-28,10:43,192.168.1.20,9139921706,user1@example.com
C006,T2406,ACC1078,ACC1106,2329,2023-05-23,19:41,192.168.1.27,9776501719,user42@example.com
C001,T1322,ACC1051,ACC1162,93674,2023-04-15,19:04,192.168.1.49,9533313061,user35@example.com
C020,T8183,ACC1038,ACC1176,70728,2023-02-07,02:21,192.168.1.30,9305780021,user20@example.com
C018,T6517,ACC1054,ACC1113,64919,2023-01-27,20:34,192.168.1.26,9424239455,user22@example.com
C020,T8002,ACC1048,ACC1146,35758,2023-05-06,21:35,192.168.1.17,9328373186,user9@example.com
C012,T2818,ACC1004,ACC1102,66091,2023-03-22,13:52,192.168.1.16,9137140419,user11@example.com
C010,T1263,ACC1009,ACC1165,2600,2023-02-21,05:12,192.168.1.33,9178210348,user3@example.com
C020,T1138,ACC1044,ACC1146,11166,2023-06-11,19:54,192.168.1.19,9918596677,user2@example.com
C008,T7327,ACC1066,ACC1170,98842,2023-04-17,06:02,192.168.1.35,9531343134,user23@example.com
C010,T1539,ACC1012,ACC1184,64129,2023-04-30,16:47,192.168.1.49,9911098371,user50@example.com
C008,T3382,ACC1070,ACC1119,34032,2023-03-26,07:05,192.168.1.8,9111790805,user7@example.com
C008,T6888,ACC1001,ACC1133,32409,2023-04-12,17:43,192.168.1.5,9596385772,user1@example.com
C014,T4454,ACC1015,ACC1144,6182,2023-04-22,14:24,192.168.1.3,9378590815,user43@example.com
C001,T1470,ACC1078,ACC1124,43072,2023-05-30,14:17,192.168.1.21,9848840598,user48@example.com
C016,T4356,ACC1016,ACC1139,91637,2023-05-07,14:46,192.168.1.24,9526116038,user50@example.com
C006,T8909,ACC1064,ACC1190,5994,2023-05-10,17:46,192.168.1.1,9948557871,user6@example.com
C010,T3937,ACC1031,ACC1132,39737,2023-03-14,10:15,192.168.1.29,9895909707,user38@example.com
C014,T6822,ACC1047,ACC1133,56983,2023-06-19,16:29,192.168.1.37,9144272832,user7@example.com
C010,T2531,ACC1044,ACC1147,56370,2023-01-24,01:58,192.168.1.11,9542653414,user24@example.com
C002,T9396,ACC1056,ACC1117,76732,2023-01-23,21:37,192.168.1.4,9816575696,user2@example.com
C020,T9537,ACC1004,ACC1139,50151,2023-06-05,16:49,192.168.1.46,9355731684,user33@example.com
C019,T3420,ACC1038,ACC1148,96050,2023-06-12,13:15,192.168.1.14,9410437431,user44@example.com
C004,T3329,ACC1066,ACC1119,17090,2023-01-11,00:04,192.168.1.38,9985620192,user5@example.com
C006,T9835,ACC1041,ACC1136,82021,2023-03-26,20:20,192.168.1.7,9189921315,user21@example.com
C007,T4217,ACC1049,ACC1183,78121,2023-01-30,10:38,192.168.1.29,9709408024,user19@example.com
C014,T2667,ACC1037,ACC1186,61905,2023-02-14,15:38,192.168.1.17,9712931306,user16@example.com
C007,T8209,ACC1090,ACC1149,39966,2023-04-05,17:34,192.168.1.45,9314608601,user27@example.com
C004,T7255,ACC1004,ACC1149,73302,2023-06-24,05:47,192.168.1.10,9938849214,user41@example.com
C017,T9419,ACC1021,ACC1184,55237,2023-06-05,17:06,192.168.1.27,9197539698,user32@example.com
C004,T5092,ACC1032,ACC1117,93107,2023-03-05,04:54,192.168.1.27,9496562713,user33@example.com
C004,T7642,ACC1074,ACC1130,21288,2023-04-09,13:30,192.168.1.46,9318259486,user12@example.com
C003,T3761,ACC1070,ACC1128,62774,2023-06-17,03:25,192.168.1.45,9867669368,user46@example.com
C013,T8868,ACC1017,ACC1196,29350,2023-02-22,00:12,192.168.1.3,9220016657,user22@example.com
C015,T9740,ACC1018,ACC1134,41218,2023-01-14,09:50,192.168.1.32,9431333900,user43@example.com
C008,T9946,ACC1082,ACC1132,45579,2023-03-18,03:47,192.168.1.32,9967296810,user17@example.com
C013,T5518,ACC1059,ACC1162,53498,2023-06-18,15:56,192.168.1.8,9800157774,user25@example.com
C007,T3581,ACC1032,ACC1145,60562,2023-01-13,11:26,192.168.1.18,9912146692,user26@example.com
C014,T8175,ACC1032,ACC1176,66938,2023-02-14,11:30,192.168.1.34,9691159786,user40@example.com
C006,T4546,ACC1092,ACC1116,14412,2023-01-30,00:11,192.168.1.45,9817539807,user20@example.com
C018,T6719,ACC1041,ACC1165,55430,2023-04-25,15:46,192.168.1.18,9903262239,user48@example.com
C019,T6455,ACC1086,ACC1137,13745,2023-05-19,19:05,192.168.1.42,9239464499,user19@example.com
C009,T9498,ACC1070,ACC1128,94451,2023-04-06,07:20,192.168.1.20,9219296243,user31@example.com
C006,T6726,ACC1035,ACC1193,49266,2023-04-18,17:21,192.168.1.47,9731019243,user11@example.com
C009,T3981,ACC1059,ACC1123,98983,2023-01-31,07:54,192.168.1.43,9567398540,user21@example.com
C005,T8176,ACC1004,ACC1171,78233,2023-02-03,07:41,192.168.1.15,9861112230,user4@example.com
C002,T9045,ACC1034,ACC1140,44596,2023-04-06,20:59,192.168.1.24,9461483504,user11@example.com
C012,T6427,ACC1078,ACC1179,30470,2023-01-03,08:24,192.168.1.21,9414526297,user13@example.com
C019,T3901,ACC1053,ACC1108,45339,2023-04-21,08:06,192.168.1.20,9793547596,user21@example.com
C010,T3757,ACC1038,ACC1194,64616,2023-02-05,05:41,192.168.1.49,9467457012,user41@example.com
C015,T6048,ACC1055,ACC1118,36626,2023-03-17,02:30,192.168.1.2,9157922737,user25@example.com
C010,T4357,ACC1055,ACC1101,79831,2023-04-05,08:19,192.168.1.43,9583953843,user33@example.com
C013,T7541,ACC1006,ACC1181,63375,2023-02-11,22:00,192.168.1.13,9364282448,user19@example.com
C018,T9409,ACC1067,ACC1119,93649,2023-02-12,04:13,192.168.1.23,9190470391,user13@example.com
C006,T1246,ACC1091,ACC1112,33080,2023-01-22,15:13,192.168.1.8,9535767148,user30@example.com
C018,T8736,ACC1013,ACC1162,48102,2023-05-19,20:56,192.168.1.1,9290606080,user25@example.com
C005,T8890,ACC1072,ACC1175,54968,2023-06-27,10:01,192.168.1.27,9720529221,user32@example.com
C004,T8198,ACC1039,ACC1147,88842,2023-04-17,02:16,192.168.1.21,9596760437,user25@example.com
C002,T6506,ACC1009,ACC1120,24920,2023-03-12,18:41,192.168.1.26,9664282965,user16@example.com
C012,T5917,ACC1053,ACC1179,91087,2023-05-16,10:53,192.168.1.6,9208673042,user21@example.com
C001,T6446,ACC1059,ACC1145,98789,2023-02-06,09:53,192.168.1.32,9573358216,user11@example.com
C010,T5813,ACC1042,ACC1100,50364,2023-06-29,17:24,192.168.1.42,9370580976,user18@example.com
C015,T4995,ACC1028,ACC1130,17962,2023-01-23,15:26,192.168.1.49,9860153828,user20@example.com
C019,T8532,ACC1000,ACC1104,41093,2023-04-26,21:52,192.168.1.19,9460851504,user18@example.com
C017,T9892,ACC1076,ACC1109,63662,2023-06-09,20:21,192.168.1.6,9546504771,user45@example.com
C010,T7777,ACC1043,ACC1117,5105,2023-05-14,20:08,192.168.1.33,9250538164,user4@example.com
C016,T9332,ACC1067,ACC1168,55655,2023-02-26,18:35,192.168.1.8,9599135508,user38@example.com
C017,T1892,ACC1055,ACC1138,97135,2023-03-12,03:06,192.168.1.5,9643740817,user12@example.com
C005,T5780,ACC1014,ACC1130,13619,2023-06-11,03:47,192.168.1.18,9309100388,user3@example.com
C013,T5745,ACC1039,ACC1197,24859,2023-06-21,01:53,192.168.1.48,9440261485,user27@example.com
C020,T2501,ACC1034,ACC1152,74835,2023-02-06,15:09,192.168.1.7,9584995510,user34@example.com
C007,T5862,ACC1014,ACC1143,67448,2023-06-02,23:48,192.168.1.25,9118431618,user18@example.com
C016,T5804,ACC1096,ACC1170,75597,2023-02-23,17:08,192.168.1.34,9249797592,user1@example.com
C019,T5929,ACC1066,ACC1141,69973,2023-03-21,05:47,192.168.1.15,9859418851,user3@example.com
C001,T2521,ACC1006,ACC1135,78293,2023-03-25,01:41,192.168.1.14,9337422385,user3@example.com
C020,T3204,ACC1086,ACC1121,42337,2023-06-24,18:29,192.168.1.17,9482721840,user10@example.com
C001,T2000,ACC1024,ACC1166,38522,2023-03-27,04:38,192.168.1.22,9819007065,user41@example.com
C020,T8092,ACC1079,ACC1187,35614,2023-05-14,04:12,192.168.1.27,9959552708,user26@example.com
C010,T5584,ACC1008,ACC1170,77335,2023-03-04,21:12,192.168.1.39,9273064231,user14@example.com
C019,T5531,ACC1091,ACC1152,72309,2023-03-27,22:57,192.168.1.33,9594035632,user18@example.com
C001,T5402,ACC1041,ACC1162,93902,2023-01-20,04:03,192.168.1.50,9590809260,user20@example.com
C010,T6392,ACC1017,ACC1175,81657,2023-03-16,07:48,192.168.1.12,9207513261,user30@example.com
C007,T1687,ACC1053,ACC1158,74960,2023-03-24,19:42,192.168.1.44,9499603195,user13@example.com
C002,T8247,ACC1017,ACC1101,11490,2023-03-15,01:14,192.168.1.24,9212607255,user19@example.com
C017,T1599,ACC1050,ACC1109,44920,2023-01-17,11:13,192.168.1.17,9761873424,user12@example.com
C003,T3241,ACC1080,ACC1196,48914,2023-03-22,07:35,192.168.1.42,9268324227,user32@example.com
C017,T1909,ACC1058,ACC1132,92459,2023-06-23,14:55,192.168.1.41,9424432184,user34@example.com
C016,T3855,ACC1077,ACC1194,38703,2023-06-30,13:47,192.168.1.34,9228559558,user25@example.com
C018,T6403,ACC1035,ACC1165,44093,2023-05-17,19:11,192.168.1.26,9213674089,user37@example.com
C020,T5517,ACC1048,ACC1144,1322,2023-05-14,17:10,192.168.1.32,9343171269,user24@example.com
C002,T1947,ACC1094,ACC1196,44902,2023-06-03,13:18,192.168.1.38,9737751082,user7@example.com
C015,T9772,ACC1071,ACC1175,22119,2023-03-15,21:07,192.168.1.32,9935260141,user43@example.com
C013,T9907,ACC1047,ACC1174,62044,2023-03-22,17:55,192.168.1.7,9721233749,user31@example.com
C007,T1560,ACC1075,ACC1166,42405,2023-06-30,04:07,192.168.1.36,9916324279,user46@example.com
C018,T4668,ACC1065,ACC1129,98172,2023-03-30,04:02,192.168.1.34,9733842229,user37@example.com
C007,T6212,ACC1016,ACC1157,32210,2023-05-07,04:00,192.168.1.25,9604877746,user12@example.com
C010,T7098,ACC1063,ACC1175,54682,2023-06-13,10:32,192.168.1.19,9340658228,user22@example.com
C007,T4847,ACC1095,ACC1134,42061,2023-03-27,09:04,192.168.1.33,9209416754,user16@example.com
C007,T5131,ACC1001,ACC1122,45465,2023-05-10,02:45,192.168.1.36,9327897164,user16@example.com
C015,T6973,ACC1031,ACC1142,12563,2023-06-29,12:08,192.168.1.50,9803943161,user8@example.com
C006,T1856,ACC1036,ACC1163,48471,2023-06-26,07:45,192.168.1.16,9779791760,user21@example.com
C005,T2715,ACC1061,ACC1170,60279,2023-05-24,17:19,192.168.1.43,9980763679,user22@example.com
C002,T1211,ACC1050,ACC1186,11827,2023-01-05,06:13,192.168.1.14,9480934740,user40@example.com
C016,T8577,ACC1044,ACC1142,59736,2023-05-16,08:04,192.168.1.38,9350918820,user18@example.com
C003,T7315,ACC1095,ACC1102,60193,2023-03-19,04:21,192.168.1.20,9974440500,user47@example.com
C002,T7934,ACC1038,ACC1172,18003,2023-05-06,06:23,192.168.1.6,9417582499,user13@example.com
C016,T2356,ACC1088,ACC1109,73993,2023-03-27,09:49,192.168.1.7,9668682210,user32@example.com
C015,T5614,ACC1016,ACC1148,6174,2023-06-09,19:53,192.168.1.44,9546604246,user36@example.com
C011,T4260,ACC1056,ACC1175,57857,2023-01-05,03:58,192.168.1.47,9325510600,user47@example.com
C012,T1246,ACC1092,ACC1130,29511,2023-04-15,12:32,192.168.1.12,9134040139,user1@example.com
C002,T6339,ACC1003,ACC1125,21012,2023-04-09,11:17,192.168.1.34,9686741766,user18@example.com
C013,T8909,ACC1023,ACC1196,18242,2023-06-08,08:07,192.168.1.24,9881168247,user39@example.com
C002,T8029,ACC1018,ACC1122,68590,2023-05-07,11:30,192.168.1.21,9863830876,user39@example.com
C005,T9478,ACC1075,ACC1199,23662,2023-01-04,16:51,192.168.1.18,9518054460,user14@example.com
C014,T2581,ACC1074,ACC1154,61770,2023-02-20,04:42,192.168.1.19,9326958297,user30@example.com
C017,T5446,ACC1046,ACC1161,70625,2023-04-21,01:30,192.168.1.6,9793397747,user38@example.com
C016,T2787,ACC1002,ACC1147,90921,2023-01-28,03:43,192.168.1.23,9562634070,user16@example.com
C016,T2881,ACC1056,ACC1195,72164,2023-04-19,14:14,192.168.1.38,9529179140,user8@example.com
C008,T1908,ACC1071,ACC1144,60551,2023-06-16,21:11,192.168.1.35,9115743163,user3@example.com
C004,T4998,ACC1043,ACC1171,38582,2023-06-24,22:58,192.168.1.46,9553046033,user14@example.com
C011,T8628,ACC1000,ACC1177,17478,2023-04-09,16:49,192.168.1.30,9161172825,user35@example.com
C008,T9665,ACC1081,ACC1167,48935,2023-05-25,22:19,192.168.1.10,9541251211,user1@example.com
C003,T5944,ACC1000,ACC1121,13944,2023-05-28,13:44,192.168.1.28,9431385548,user25@example.com
C016,T1442,ACC1046,ACC1196,68132,2023-02-23,02:51,192.168.1.11,9118286617,user21@example.com
C020,T6473,ACC1085,ACC1152,47009,2023-03-13,19:48,192.168.1.27,9189958122,user34@example.com
C002,T4793,ACC1081,ACC1197,90991,2023-05-14,07:23,192.168.1.8,9354945389,user46@example.com
C008,T1276,ACC1092,ACC1162,25827,2023-02-23,15:29,192.168.1.7,9606700718,user28@example.com
C009,T8907,ACC1046,ACC1190,31179,2023-02-27,07:14,192.168.1.38,9571212398,user25@example.com
C015,T9464,ACC1045,ACC1156,82008,2023-05-05,09:50,192.168.1.41,9569516187,user20@example.com
C001,T8156,ACC1039,ACC1157,93812,2023-01-16,02:44,192.168.1.42,9263756191,user17@example.com
C016,T3536,ACC1031,ACC1189,70022,2023-04-15,17:43,192.168.1.18,9504511069,user39@example.com
C013,T1843,ACC1056,ACC1121,80919,2023-06-29,20:53,192.168.1.32,9789101775,user36@example.com
C006,T9081,ACC1021,ACC1135,68786,2023-03-24,06:41,192.168.1.12,9927566254,user8@example.com
C015,T2758,ACC1008,ACC1104,1491,2023-03-08,00:01,192.168.1.43,9206212305,user15@example.com
C001,T2204,ACC1008,ACC1111,95408,2023-06-24,13:49,192.168.1.11,9104354075,user39@example.com
C010,T6706,ACC1057,ACC1146,25280,2023-05-07,22:26,192.168.1.26,9923747351,user30@example.com
C013,T2992,ACC1036,ACC1119,84486,2023-01-02,03:27,192.168.1.43,9928507807,user28@example.com
C018,T1512,ACC1079,ACC1124,95351,2023-02-19,18:10,192.168.1.22,9621032569,user11@example.com
C001,T4986,ACC1012,ACC1137,91405,2023-04-22,17:12,192.168.1.32,9130149167,user32@example.com
C006,T2452,ACC1063,ACC1117,73830,2023-03-08,18:35,192.168.1.10,9693576500,user10@example.com
C013,T7181,ACC1009,ACC1103,51892,2023-05-23,04:27,192.168.1.17,9393699613,user12@example.com
C007,T5787,ACC1012,ACC1173,71763,2023-02-19,02:59,192.168.1.18,9283970170,user50@example.com
C006,T1547,ACC1009,ACC1179,74377,2023-04-20,14:39,192.168.1.1,9281055025,user36@example.com
C013,T5883,ACC1048,ACC1166,89381,2023-05-15,13:58,192.168.1.7,9612218055,user41@example.com
C018,T8660,ACC1039,ACC1132,51112,2023-03-21,03:17,192.168.1.2,9688547311,user44@example.com
C020,T2789,ACC1016,ACC1191,60962,2023-02-06,10:20,192.168.1.7,9542154325,user18@example.com
C007,T4501,ACC1084,ACC1127,65074,2023-01-16,14:16,192.168.1.11,9350004996,user17@example.com
C005,T2690,ACC1020,ACC1137,90431,2023-04-19,17:25,192.168.1.43,9556987077,user2@example.com
C016,T5338,ACC1026,ACC1168,97044,2023-03-27,22:16,192.168.1.7,9858398771,user47@example.com
C001,T1048,ACC1035,ACC1123,3394,2023-01-10,16:24,192.168.1.27,9728677444,user40@example.com
C001,T3054,ACC1088,ACC1182,80712,2023-02-08,15:24,192.168.1.23,9314714498,user43@example.com
C003,T8043,ACC1035,ACC1167,84846,2023-03-07,01:12,192.168.1.13,9976656021,user17@example.com
C013,T2819,ACC1074,ACC1180,30335,2023-02-03,05:41,192.168.1.20,9982918757,user3@example.com
C004,T2234,ACC1016,ACC1171,60531,2023-06-26,20:14,192.168.1.11,9179378622,user44@example.com
C004,T9111,ACC1098,ACC1197,92156,2023-01-19,12:12,192.168.1.10,9188930089,user18@example.com
C006,T8381,ACC1049,ACC1193,59566,2023-05-28,12:23,192.168.1.18,9753961826,user6@example.com
C014,T9468,ACC1005,ACC1106,84822,2023-03-21,13:25,192.168.1.44,9672510283,user44@example.com
C003,T5515,ACC1018,ACC1180,43181,2023-06-12,03:08,192.168.1.46,9494935746,user22@example.com
C002,T5931,ACC1040,ACC1115,5738,2023-01-25,23:10,192.168.1.22,9986931570,user25@example.com
C002,T6029,ACC1047,ACC1156,2757,2023-04-03,00:04,192.168.1.7,9513781460,user22@example.com
C004,T5072,ACC1054,ACC1112,29826,2023-02-21,10:27,192.168.1.38,9332157241,user12@example.com
C004,T5510,ACC1067,ACC1161,98905,2023-05-23,11:45,192.168.1.9,9567858421,user28@example.com
C011,T2550,ACC1040,ACC1141,48249,2023-04-11,08:31,192.168.1.42,9374164821,user38@example.com
C002,T1872,ACC1027,ACC1126,6223,2023-05-28,11:14,192.168.1.7,9992959378,user23@example.com
C011,T4510,ACC1007,ACC1159,23161,2023-03-30,09:36,192.168.1.23,9977083275,user15@example.com
C020,T2604,ACC1043,ACC1173,51533,2023-05-09,03:49,192.168.1.4,9727894669,user27@example.com
C009,T6013,ACC1098,ACC1182,76230,2023-04-25,13:51,192.168.1.48,9995163556,user1@example.com
C007,T8527,ACC1059,ACC1126,16322,2023-01-31,05:00,192.168.1.50,9656036808,user29@example.com
C012,T9849,ACC1038,ACC1191,61698,2023-03-25,11:12,192.168.1.28,9961501962,user39@example.com
C016,T8843,ACC1064,ACC1173,61802,2023-03-31,01:21,192.168.1.39,9304931862,user47@example.com
C016,T4889,ACC1079,ACC1110,9961,2023-05-04,03:52,192.168.1.28,9126117163,user25@example.com
C018,T9949,ACC1077,ACC1162,42999,2023-03-16,00:19,192.168.1.1,9110318411,user32@example.com
C003,T5849,ACC1034,ACC1104,17847,2023-02-13,19:40,192.168.1.43,9230852173,user26@example.com
C017,T8786,ACC1000,ACC1135,7387,2023-05-31,11:11,192.168.1.45,9648873970,user5@example.com
C006,T7576,ACC1018,ACC1130,51840,2023-02-19,05:11,192.168.1.45,9376036418,user46@example.com
C014,T6767,ACC1036,ACC1145,15472,2023-04-20,08:13,192.168.1.29,9865371295,user9@example.com
C016,T5241,ACC1022,ACC1103,81088,2023-06-02,11:30,192.168.1.11,9750103543,user14@example.com
C014,T5844,ACC1018,ACC1155,7225,2023-05-14,07:46,192.168.1.7,9820543778,user11@example.com
C019,T1647,ACC1073,ACC1100,70214,2023-05-11,12:54,192.168.1.11,9443173774,user46@example.com
C011,T4858,ACC1040,ACC1140,54487,2023-04-04,12:45,192.168.1.8,9999689636,user36@example.com
C012,T2425,ACC1078,ACC1154,72290,2023-03-02,05:43,192.168.1.14,9522673787,user14@example.com
C019,T9075,ACC1000,ACC1161,78629,2023-06-07,03:21,192.168.1.28,9694854095,user47@example.com
C010,T9541,ACC1086,ACC1112,87603,2023-02-22,18:55,192.168.1.48,9945594915,user17@example.com
C013,T8171,ACC1016,ACC1190,99440,2023-02-07,01:24,192.168.1.18,9827247138,user6@example.com
C006,T4087,ACC1016,ACC1140,93337,2023-04-13,02:06,192.168.1.4,9716527400,user46@example.com
C016,T2274,ACC1051,ACC1140,71697,2023-01-12,12:32,192.168.1.24,9648725048,user37@example.com
C003,T8721,ACC1021,ACC1130,92680,2023-01-02,06:49,192.168.1.37,9198289261,user13@example.com
C019,T9932,ACC1011,ACC1151,57320,2023-05-29,03:14,192.168.1.12,9425057104,user17@example.com
C007,T7534,ACC1000,ACC1137,14474,2023-04-03,07:57,192.168.1.40,9779988937,user15@example.com
C001,T6001,ACC1088,ACC1169,12120,2023-06-23,22:56,192.168.1.38,9605179873,user17@example.com
C013,T1849,ACC1010,ACC1141,72005,2023-04-07,05:29,192.168.1.42,9592686357,user40@example.com
C012,T7239,ACC1047,ACC1185,3296,2023-06-28,02:44,192.168.1.40,9931192453,user1@example.com
C016,T4082,ACC1031,ACC1143,46087,2023-02-28,13:11,192.168.1.48,9732313869,user46@example.com
C020,T4494,ACC1081,ACC1158,9960,2023-05-21,23:59,192.168.1.8,9983679768,user33@example.com
C020,T1561,ACC1004,ACC1102,66750,2023-03-24,14:50,192.168.1.12,9871507265,user37@example.com
C015,T9848,ACC1058,ACC1146,63404,2023-04-28,00:39,192.168.1.48,9652126735,user6@example.com
C012,T5195,ACC1097,ACC1183,37421,2023-04-26,22:44,192.168.1.43,9643960070,user37@example.com
C016,T1795,ACC1010,ACC1180,29496,2023-02-21,08:44,192.168.1.2,9421266409,user11@example.com
C019,T7656,ACC1043,ACC1195,42501,2023-05-21,16:52,192.168.1.26,9589516039,user28@example.com
C009,T1611,ACC1098,ACC1136,2695,2023-06-08,20:19,192.168.1.48,9377756738,user28@example.com
C018,T5157,ACC1095,ACC1102,16820,2023-02-20,20:33,192.168.1.36,9781313121,user10@example.com
C013,T8334,ACC1009,ACC1101,7886,2023-06-23,07:37,192.168.1.36,9529618021,user11@example.com
C013,T7774,ACC1071,ACC1198,55677,2023-02-28,01:41,192.168.1.28,9549260791,user40@example.com
C009,T5495,ACC1077,ACC1193,22103,2023-04-02,22:54,192.168.1.12,9619003621,user34@example.com
C018,T4322,ACC1007,ACC1155,34859,2023-03-05,04:40,192.168.1.8,9453440780,user37@example.com
C017,T1637,ACC1096,ACC1180,30861,2023-06-02,09:22,192.168.1.15,9637488564,user17@example.com
C018,T3839,ACC1047,ACC1114,19662,2023-03-22,19:09,192.168.1.17,9898830191,user24@example.com
C001,T1471,ACC1061,ACC1119,3313,2023-05-12,13:22,192.168.1.25,9255900122,user48@example.com
C002,T9819,ACC1058,ACC1121,43754,2023-02-12,12:24,192.168.1.26,9609764705,user7@example.com
C004,T6810,ACC1023,ACC1161,16397,2023-01-13,04:45,192.168.1.44,9331091511,user11@example.com
C012,T6403,ACC1036,ACC1113,27572,2023-05-25,22:45,192.168.1.26,9884006406,user48@example.com
C020,T3387,ACC1033,ACC1136,91159,2023-03-14,13:48,192.168.1.47,9589200172,user45@example.com
C002,T2891,ACC1051,ACC1196,60697,2023-04-29,22:04,192.168.1.10,9646602743,user39@example.com
C001,T5023,ACC1060,ACC1143,58197,2023-01-31,02:56,192.168.1.24,9213617879,user7@example.com
C004,T3133,ACC1001,ACC1119,91041,2023-05-06,16:30,192.168.1.13,9246688519,user19@example.com
C019,T4389,ACC1012,ACC1108,8006,2023-04-26,15:10,192.168.1.21,9449777111,user16@example.com
C007,T3558,ACC1074,ACC1100,62870,2023-01-05,01:36,192.168.1.23,9750833099,user49@example.com
C003,T8138,ACC1093,ACC1198,39441,2023-04-11,00:25,192.168.1.41,9804908149,user39@example.com
C010,T7811,ACC1044,ACC1122,75408,2023-01-08,10:54,192.168.1.18,9213737701,user48@example.com
C019,T1395,ACC1023,ACC1128,93024,2023-05-29,11:18,192.168.1.40,9917734656,user3@example.com
C014,T6229,ACC1006,ACC1199,70965,2023-02-09,00:09,192.168.1.40,9926828147,user33@example.com
C010,T5189,ACC1075,ACC1157,88954,2023-05-28,16:03,192.168.1.15,9132704966,user18@example.com
C007,T8869,ACC1086,ACC1137,83310,2023-06-02,21:34,192.168.1.29,9339704042,user1@example.com
C019,T6060,ACC1083,ACC1133,8467,2023-06-17,17:48,192.168.1.35,9354083663,user25@example.com
C018,T7735,ACC1040,ACC1112,90794,2023-03-21,16:09,192.168.1.7,9675032727,user42@example.com
C019,T1634,ACC1056,ACC1118,42832,2023-04-02,22:25,192.168.1.2,9214790185,user11@example.com
C011,T9814,ACC1076,ACC1150,12127,2023-02-21,00:19,192.168.1.27,9599348450,user2@example.com
C006,T4087,ACC1034,ACC1114,12948,2023-04-02,02:24,192.168.1.7,9172216565,user1@example.com
C018,T6848,ACC1090,ACC1104,4904,2023-01-19,23:57,192.168.1.28,9530900930,user8@example.com
C004,T8650,ACC1005,ACC1123,16020,2023-04-19,06:08,192.168.1.29,9349233382,user32@example.com
C007,T6804,ACC1057,ACC1130,41466,2023-03-19,21:52,192.168.1.47,9503044729,user14@example.com
C001,T4376,ACC1073,ACC1187,66021,2023-04-09,04:08,192.168.1.46,9600911478,user22@example.com
C017,T6902,ACC1004,ACC1103,28792,2023-03-24,06:00,192.168.1.12,9288192931,user25@example.com
C002,T1902,ACC1068,ACC1190,52231,2023-04-14,20:39,192.168.1.43,9853440286,user6@example.com
C020,T9998,ACC1075,ACC1120,2720,2023-01-06,13:52,192.168.1.15,9969565888,user48@example.com
C017,T1778,ACC1077,ACC1105,99589,2023-06-23,08:16,192.168.1.49,9346398054,user47@example.com
C020,T3895,ACC1027,ACC1187,6855,2023-03-06,15:36,192.168.1.50,9612122013,user18@example.com
C008,T4880,ACC1095,ACC1191,59197,2023-05-20,04:32,192.168.1.9,9180042787,user22@example.com
C017,T3768,ACC1041,ACC1174,80885,2023-02-18,21:06,192.168.1.14,9879988974,user8@example.com
C007,T2481,ACC1029,ACC1150,55061,2023-05-01,08:12,192.168.1.19,9812489091,user35@example.com
C002,T6968,ACC1086,ACC1126,48320,2023-04-01,05:52,192.168.1.10,9570947495,user37@example.com
C004,T7177,ACC1023,ACC1131,83372,2023-05-18,10:03,192.168.1.27,9429673453,user29@example.com
C004,T5814,ACC1051,ACC1171,39167,2023-05-23,20:48,192.168.1.5,9525135240,user47@example.com
C013,T1662,ACC1028,ACC1153,25314,2023-04-18,19:59,192.168.1.20,9172093123,user33@example.com
C018,T2516,ACC1015,ACC1134,33645,2023-04-15,07:11,192.168.1.1,9998128518,user17@example.com
C005,T5332,ACC1030,ACC1166,68085,2023-04-04,05:55,192.168.1.49,9690578275,user14@example.com
C003,T8195,ACC1064,ACC1101,63777,2023-04-04,11:36,192.168.1.2,9469326548,user30@example.com
C002,T3449,ACC1078,ACC1164,77394,2023-05-28,11:53,192.168.1.28,9778899073,user29@example.com
C004,T9979,ACC1012,ACC1167,96090,2023-05-16,06:32,192.168.1.11,9773507330,user40@example.com
C009,T1909,ACC1080,ACC1179,39091,2023-03-23,13:05,192.168.1.16,9213905088,user12@example.com
C001,T1408,ACC1016,ACC1115,88321,2023-01-29,00:06,192.168.1.42,9234774525,user23@example.com
C020,T9797,ACC1034,ACC1159,34116,2023-03-30,06:58,192.168.1.49,9127024913,user41@example.com
C009,T2902,ACC1022,ACC1186,74433,2023-06-04,14:11,192.168.1.12,9888505303,user22@example.com
C012,T6423,ACC1080,ACC1110,7994,2023-06-07,10:34,192.168.1.5,9888197686,user31@example.com
C011,T1138,ACC1005,ACC1196,80016,2023-06-17,19:59,192.168.1.11,9292942342,user31@example.com
C020,T9682,ACC1072,ACC1181,32222,2023-06-15,08:57,192.168.1.12,9251154781,user13@example.com
C017,T6855,ACC1022,ACC1104,27334,2023-01-20,10:27,192.168.1.39,9721012492,user1@example.com
C003,T4084,ACC1045,ACC1167,66685,2023-02-11,09:17,192.168.1.43,9566517473,user50@example.com
C019,T7929,ACC1007,ACC1166,45917,2023-05-18,19:52,192.168.1.6,9845206302,user2@example.com
C005,T2409,ACC1020,ACC1196,69651,2023-06-12,12:38,192.168.1.6,9302860066,user43@example.com
C020,T4310,ACC1038,ACC1102,76149,2023-05-18,21:26,192.168.1.12,9376029906,user18@example.com
C020,T9252,ACC1083,ACC1170,56368,2023-06-30,11:15,192.168.1.21,9657806419,user43@example.com
C017,T5445,ACC1091,ACC1147,21875,2023-04-14,13:37,192.168.1.4,9366264203,user14@example.com
C019,T8631,ACC1037,ACC1104,97385,2023-03-31,16:24,192.168.1.22,9165443614,user1@example.com
C010,T4413,ACC1072,ACC1129,52152,2023-01-22,08:09,192.168.1.5,9905573922,user48@example.com
C012,T5694,ACC1035,ACC1149,1031,2023-03-30,06:22,192.168.1.22,9995443871,user15@example.com
C012,T7120,ACC1090,ACC1124,79504,2023-02-03,16:38,192.168.1.23,9639898834,user5@example.com
C004,T3568,ACC1028,ACC1190,78601,2023-01-13,13:55,192.168.1.43,9336568255,user35@example.com
C017,T7074,ACC1098,ACC1149,76129,2023-05-24,18:58,192.168.1.1,9192870480,user2@example.com
C020,T3907,ACC1085,ACC1105,6851,2023-03-04,09:23,192.168.1.23,9795120339,user50@example.com
C008,T3946,ACC1061,ACC1128,22576,2023-03-05,12:50,192.168.1.33,9392054311,user2@example.com
C006,T6605,ACC1016,ACC1147,1019,2023-05-30,19:19,192.168.1.2,9482881442,user31@example.com
C002,T7674,ACC1088,ACC1121,67706,2023-01-28,20:35,192.168.1.27,9164444146,user24@example.com
C012,T5334,ACC1000,ACC1168,76600,2023-03-21,05:28,192.168.1.26,9939815268,user16@example.com
C015,T7040,ACC1074,ACC1117,38315,2023-03-17,15:56,192.168.1.4,9755040530,user31@example.com
C005,T5944,ACC1021,ACC1143,45916,2023-02-18,08:50,192.168.1.11,9394846326,user50@example.com
C015,T2541,ACC1080,ACC1136,95376,2023-03-13,15:05,192.168.1.14,9255390763,user22@example.com
C012,T7551,ACC1032,ACC1177,88187,2023-04-15,04:24,192.168.1.8,9900104826,user5@example.com
C003,T8038,ACC1009,ACC1144,15957,2023-06-21,13:05,192.168.1.15,9383247735,user9@example.com
C008,T7043,ACC1013,ACC1143,88470,2023-04-12,19:40,192.168.1.29,9505212324,user15@example.com
